Date	Volatility
13-Feb-15	14.69
12-Feb-15	15.34
11-Feb-15	16.96
10-Feb-15	17.23
9-Feb-15	18.55
6-Feb-15	17.29
5-Feb-15	16.85
4-Feb-15	18.33
3-Feb-15	17.33
2-Feb-15	19.43
30-Jan-15	20.97
29-Jan-15	18.76
28-Jan-15	20.44
27-Jan-15	17.22
26-Jan-15	15.52
23-Jan-15	16.66
22-Jan-15	16.4
21-Jan-15	18.85
20-Jan-15	19.89
16-Jan-15	20.95
15-Jan-15	22.39
14-Jan-15	21.48
13-Jan-15	20.56
12-Jan-15	19.6
9-Jan-15	17.55
8-Jan-15	17.01
7-Jan-15	19.31
6-Jan-15	21.12
5-Jan-15	19.92
2-Jan-15	17.79
31-Dec-14	19.2
30-Dec-14	15.92
29-Dec-14	15.06
26-Dec-14	14.5
24-Dec-14	14.37
23-Dec-14	14.8
22-Dec-14	15.25
19-Dec-14	16.49
18-Dec-14	16.81
17-Dec-14	19.44
16-Dec-14	23.57
15-Dec-14	20.42
12-Dec-14	21.08
11-Dec-14	20.08
10-Dec-14	18.53
9-Dec-14	15.35
8-Dec-14	14.21
5-Dec-14	11.89
4-Dec-14	12.38
3-Dec-14	12.5
2-Dec-14	12.85
1-Dec-14	14.16
28-Nov-14	13.33
26-Nov-14	12.07
25-Nov-14	12.25
24-Nov-14	12.62
21-Nov-14	12.9
20-Nov-14	13.58
19-Nov-14	13.96
18-Nov-14	13.86
17-Nov-14	13.99
14-Nov-14	13.31
13-Nov-14	13.79
12-Nov-14	13.02
11-Nov-14	12.92
10-Nov-14	12.67
7-Nov-14	13.12
6-Nov-14	13.67
5-Nov-14	14.17
4-Nov-14	14.89
3-Nov-14	14.73
31-Oct-14	14.03
30-Oct-14	14.52
29-Oct-14	15.15
28-Oct-14	14.39
27-Oct-14	16.04
24-Oct-14	16.11
23-Oct-14	16.53
22-Oct-14	17.87
21-Oct-14	16.08
20-Oct-14	18.57
17-Oct-14	21.99
16-Oct-14	25.2
15-Oct-14	25.27
14-Oct-14	22.79
13-Oct-14	24.64
10-Oct-14	21.24
9-Oct-14	18.76
8-Oct-14	15.11
7-Oct-14	17.2
6-Oct-14	15.46
3-Oct-14	14.55
2-Oct-14	16.16
1-Oct-14	16.71
30-Sep-14	16.31
29-Sep-14	15.98
26-Sep-14	14.85
25-Sep-14	15.64
24-Sep-14	13.27
23-Sep-14	14.93
22-Sep-14	13.69
19-Sep-14	12.11
18-Sep-14	12.03
17-Sep-14	12.65
16-Sep-14	12.73
15-Sep-14	14.12
12-Sep-14	13.31
11-Sep-14	12.8
10-Sep-14	12.88
9-Sep-14	13.5
8-Sep-14	12.66
5-Sep-14	12.09
4-Sep-14	12.64
3-Sep-14	12.36
2-Sep-14	12.25
29-Aug-14	12.09
28-Aug-14	12.05
27-Aug-14	11.78
26-Aug-14	11.63
25-Aug-14	11.7
22-Aug-14	11.47
21-Aug-14	11.76
20-Aug-14	11.78
19-Aug-14	12.21
18-Aug-14	12.32
15-Aug-14	13.15
14-Aug-14	12.42
13-Aug-14	12.9
12-Aug-14	14.13
11-Aug-14	14.23
8-Aug-14	15.77
7-Aug-14	16.66
6-Aug-14	16.37
5-Aug-14	16.87
4-Aug-14	15.12
1-Aug-14	17.03
31-Jul-14	16.95
30-Jul-14	13.33
29-Jul-14	13.28
28-Jul-14	12.56
25-Jul-14	12.69
24-Jul-14	11.84
23-Jul-14	11.52
22-Jul-14	12.24
21-Jul-14	12.81
18-Jul-14	12.06
17-Jul-14	14.54
16-Jul-14	11
15-Jul-14	11.96
14-Jul-14	11.82
11-Jul-14	12.08
10-Jul-14	12.59
9-Jul-14	11.65
8-Jul-14	11.98
7-Jul-14	11.33
3-Jul-14	10.32
2-Jul-14	10.82
1-Jul-14	11.15
30-Jun-14	11.57
27-Jun-14	11.26
26-Jun-14	11.63
25-Jun-14	11.59
24-Jun-14	12.13
23-Jun-14	10.98
20-Jun-14	10.85
19-Jun-14	10.62
18-Jun-14	10.61
17-Jun-14	12.06
16-Jun-14	12.65
13-Jun-14	12.18
12-Jun-14	12.56
11-Jun-14	11.6
10-Jun-14	10.99
9-Jun-14	11.15
6-Jun-14	10.73
5-Jun-14	11.68
4-Jun-14	12.08
3-Jun-14	11.87
2-Jun-14	11.58
30-May-14	11.4
29-May-14	11.57
28-May-14	11.68
27-May-14	11.51
23-May-14	11.36
22-May-14	12.03
21-May-14	11.91
20-May-14	12.96
19-May-14	12.42
16-May-14	12.44
15-May-14	13.17
14-May-14	12.17
13-May-14	12.13
12-May-14	12.23
9-May-14	12.92
8-May-14	13.43
7-May-14	13.4
6-May-14	13.8
5-May-14	13.29
2-May-14	12.91
1-May-14	13.25
30-Apr-14	13.41
29-Apr-14	13.71
28-Apr-14	13.97
25-Apr-14	14.06
24-Apr-14	13.32
23-Apr-14	13.27
22-Apr-14	13.19
21-Apr-14	13.25
17-Apr-14	13.36
16-Apr-14	14.18
15-Apr-14	15.61
14-Apr-14	16.18
11-Apr-14	17.03
10-Apr-14	15.89
9-Apr-14	13.82
8-Apr-14	14.89
7-Apr-14	15.57
4-Apr-14	13.96
3-Apr-14	13.37
2-Apr-14	13.09
1-Apr-14	13.1
31-Mar-14	13.88
28-Mar-14	14.41
27-Mar-14	14.62
26-Mar-14	14.93
25-Mar-14	14.02
24-Mar-14	15.09
21-Mar-14	15
20-Mar-14	14.52
19-Mar-14	15.12
18-Mar-14	14.52
17-Mar-14	15.64
14-Mar-14	17.82
13-Mar-14	16.22
12-Mar-14	14.47
11-Mar-14	14.8
10-Mar-14	14.2
7-Mar-14	14.11
6-Mar-14	14.21
5-Mar-14	13.89
4-Mar-14	14.1
3-Mar-14	16
28-Feb-14	14
27-Feb-14	14.04
26-Feb-14	14.35
25-Feb-14	13.67
24-Feb-14	14.23
21-Feb-14	14.68
20-Feb-14	14.79
19-Feb-14	15.5
18-Feb-14	13.87
14-Feb-14	13.57
13-Feb-14	14.14
12-Feb-14	14.3
11-Feb-14	14.51
10-Feb-14	15.26
7-Feb-14	15.31
6-Feb-14	17.23
5-Feb-14	19.95
4-Feb-14	19.11
3-Feb-14	21.44
31-Jan-14	18.41
30-Jan-14	17.29
29-Jan-14	17.35
28-Jan-14	15.8
27-Jan-14	17.42
24-Jan-14	17.88
23-Jan-14	13.77
22-Jan-14	12.84
21-Jan-14	12.87
17-Jan-14	12.44
16-Jan-14	12.53
15-Jan-14	12.28
14-Jan-14	12.28
13-Jan-14	13.28
10-Jan-14	12.14
9-Jan-14	12.89
8-Jan-14	12.87
7-Jan-14	12.92
6-Jan-14	13.55
3-Jan-14	13.76
2-Jan-14	14.23
31-Dec-13	13.72
30-Dec-13	13.56
27-Dec-13	12.46
26-Dec-13	12.33
24-Dec-13	12.48
23-Dec-13	13.04
20-Dec-13	13.79
19-Dec-13	14.15
18-Dec-13	13.8
17-Dec-13	16.21
16-Dec-13	16.03
13-Dec-13	15.76
12-Dec-13	15.54
11-Dec-13	15.35
10-Dec-13	13.91
9-Dec-13	13.49
6-Dec-13	13.79
5-Dec-13	15.08
4-Dec-13	14.7
3-Dec-13	14.55
2-Dec-13	14.23
29-Nov-13	13.7
27-Nov-13	12.98
26-Nov-13	12.81
25-Nov-13	12.79
22-Nov-13	12.26
21-Nov-13	12.66
20-Nov-13	13.4
19-Nov-13	13.42
18-Nov-13	13.1
15-Nov-13	12.19
14-Nov-13	12.37
13-Nov-13	12.52
12-Nov-13	12.82
11-Nov-13	12.53
8-Nov-13	12.9
7-Nov-13	13.91
6-Nov-13	12.68
5-Nov-13	13.27
4-Nov-13	12.93
1-Nov-13	13.28
31-Oct-13	13.75
30-Oct-13	13.65
29-Oct-13	13.41
28-Oct-13	13.31
25-Oct-13	13.09
24-Oct-13	13.2
23-Oct-13	13.42
22-Oct-13	13.33
21-Oct-13	13.16
18-Oct-13	13.04
17-Oct-13	13.48
16-Oct-13	14.71
15-Oct-13	18.66
14-Oct-13	16.07
11-Oct-13	15.72
10-Oct-13	16.48
9-Oct-13	19.6
8-Oct-13	20.34
7-Oct-13	19.41
4-Oct-13	16.74
3-Oct-13	17.67
2-Oct-13	16.6
1-Oct-13	15.54
30-Sep-13	16.6
27-Sep-13	15.46
26-Sep-13	14.06
25-Sep-13	14.01
24-Sep-13	14.08
23-Sep-13	14.31
20-Sep-13	13.12
19-Sep-13	13.16
18-Sep-13	13.59
17-Sep-13	14.53
16-Sep-13	14.42
13-Sep-13	14.16
12-Sep-13	14.29
11-Sep-13	13.82
10-Sep-13	14.53
9-Sep-13	15.63
6-Sep-13	15.85
5-Sep-13	15.77
4-Sep-13	15.88
3-Sep-13	16.61
30-Aug-13	17.01
29-Aug-13	16.81
28-Aug-13	16.49
27-Aug-13	16.82
26-Aug-13	14.99
23-Aug-13	14.06
22-Aug-13	14.76
21-Aug-13	15.94
20-Aug-13	14.91
19-Aug-13	15.1
16-Aug-13	14.37
15-Aug-13	14.73
14-Aug-13	13.04
13-Aug-13	12.31
12-Aug-13	12.81
9-Aug-13	13.41
8-Aug-13	12.73
7-Aug-13	12.98
6-Aug-13	12.72
5-Aug-13	11.84
2-Aug-13	11.98
1-Aug-13	12.99
31-Jul-13	13.45
30-Jul-13	13.39
29-Jul-13	13.39
26-Jul-13	12.72
25-Jul-13	12.97
24-Jul-13	13.18
23-Jul-13	12.66
22-Jul-13	12.29
19-Jul-13	12.54
18-Jul-13	13.77
17-Jul-13	13.78
16-Jul-13	14.42
15-Jul-13	13.79
12-Jul-13	13.84
11-Jul-13	14.01
10-Jul-13	14.21
9-Jul-13	14.35
8-Jul-13	14.78
5-Jul-13	14.89
3-Jul-13	16.2
2-Jul-13	16.44
1-Jul-13	16.37
28-Jun-13	16.86
27-Jun-13	16.86
26-Jun-13	17.21
25-Jun-13	18.47
24-Jun-13	20.11
21-Jun-13	18.9
20-Jun-13	20.49
19-Jun-13	16.64
18-Jun-13	16.61
17-Jun-13	16.8
14-Jun-13	17.15
13-Jun-13	16.41
12-Jun-13	18.59
11-Jun-13	17.07
10-Jun-13	15.44
7-Jun-13	15.14
6-Jun-13	16.63
5-Jun-13	17.5
4-Jun-13	16.27
3-Jun-13	16.28
31-May-13	16.3
30-May-13	14.53
29-May-13	14.83
28-May-13	14.48
24-May-13	13.99
23-May-13	14.07
22-May-13	13.82
21-May-13	13.37
20-May-13	13.02
17-May-13	12.45
16-May-13	13.07
15-May-13	12.81
14-May-13	12.77
13-May-13	12.55
10-May-13	12.59
9-May-13	13.13
8-May-13	12.66
7-May-13	12.83
6-May-13	12.66
3-May-13	12.85
2-May-13	13.59
1-May-13	14.49
30-Apr-13	13.52
29-Apr-13	13.71
26-Apr-13	13.61
25-Apr-13	13.62
24-Apr-13	13.61
23-Apr-13	13.48
22-Apr-13	14.39
19-Apr-13	14.97
18-Apr-13	17.56
17-Apr-13	16.51
16-Apr-13	13.96
15-Apr-13	17.27
12-Apr-13	12.06
11-Apr-13	12.24
10-Apr-13	12.36
9-Apr-13	12.84
8-Apr-13	13.19
5-Apr-13	13.92
4-Apr-13	13.89
3-Apr-13	14.21
2-Apr-13	12.76
1-Apr-13	13.58
28-Mar-13	12.7
27-Mar-13	13.15
26-Mar-13	12.77
25-Mar-13	13.74
22-Mar-13	13.57
21-Mar-13	13.99
20-Mar-13	12.67
19-Mar-13	14.39
18-Mar-13	13.36
15-Mar-13	11.3
14-Mar-13	11.3
13-Mar-13	11.83
12-Mar-13	12.27
11-Mar-13	11.56
8-Mar-13	12.59
7-Mar-13	13.06
6-Mar-13	13.53
5-Mar-13	13.48
4-Mar-13	14.01
1-Mar-13	15.36
28-Feb-13	15.51
27-Feb-13	14.73
26-Feb-13	16.87
25-Feb-13	18.99
22-Feb-13	14.17
21-Feb-13	15.22
20-Feb-13	14.68
19-Feb-13	12.31
15-Feb-13	12.46
14-Feb-13	12.66
13-Feb-13	12.98
12-Feb-13	12.64
11-Feb-13	12.94
8-Feb-13	13.02
7-Feb-13	13.5
6-Feb-13	13.41
5-Feb-13	13.72
4-Feb-13	14.67
1-Feb-13	12.9
31-Jan-13	14.38
30-Jan-13	14.32
29-Jan-13	13.31
28-Jan-13	13.57
25-Jan-13	12.89
24-Jan-13	12.69
23-Jan-13	12.46
22-Jan-13	12.43
18-Jan-13	12.46
17-Jan-13	13.57
16-Jan-13	13.42
15-Jan-13	13.55
14-Jan-13	13.52
11-Jan-13	13.36
10-Jan-13	13.49
9-Jan-13	13.81
8-Jan-13	13.62
7-Jan-13	13.79
4-Jan-13	13.83
3-Jan-13	14.56
2-Jan-13	14.68
31-Dec-12	18.02
28-Dec-12	21.79
27-Dec-12	19.47
26-Dec-12	19.48
24-Dec-12	17.84
21-Dec-12	17.84
20-Dec-12	17.67
19-Dec-12	17.36
18-Dec-12	15.57
17-Dec-12	16.34
14-Dec-12	16.99
13-Dec-12	16.56
12-Dec-12	15.95
11-Dec-12	15.57
10-Dec-12	16.05
7-Dec-12	15.87
6-Dec-12	16.58
5-Dec-12	16.46
4-Dec-12	17.12
3-Dec-12	16.64
30-Nov-12	15.87
29-Nov-12	15.06
28-Nov-12	15.51
27-Nov-12	15.92
26-Nov-12	15.5
23-Nov-12	15.14
21-Nov-12	15.31
20-Nov-12	15.08
19-Nov-12	15.24
16-Nov-12	16.41
15-Nov-12	17.99
14-Nov-12	17.92
13-Nov-12	16.65
12-Nov-12	16.68
9-Nov-12	18.61
8-Nov-12	18.49
7-Nov-12	19.08
6-Nov-12	17.58
5-Nov-12	18.42
2-Nov-12	17.59
1-Nov-12	16.69
31-Oct-12	18.6
26-Oct-12	17.81
25-Oct-12	18.12
24-Oct-12	18.33
23-Oct-12	18.83
22-Oct-12	16.62
19-Oct-12	16.97
18-Oct-12	15.03
17-Oct-12	15.07
16-Oct-12	15.22
15-Oct-12	15.27
12-Oct-12	16.14
11-Oct-12	15.59
10-Oct-12	16.29
9-Oct-12	16.37
8-Oct-12	15.11
5-Oct-12	14.33
4-Oct-12	14.55
3-Oct-12	15.43
2-Oct-12	15.71
1-Oct-12	16.32
28-Sep-12	15.73
27-Sep-12	14.84
26-Sep-12	16.81
25-Sep-12	15.43
24-Sep-12	14.15
21-Sep-12	13.98
20-Sep-12	14.07
19-Sep-12	13.88
18-Sep-12	14.18
17-Sep-12	14.59
14-Sep-12	14.51
13-Sep-12	14.05
12-Sep-12	15.8
11-Sep-12	16.41
10-Sep-12	16.28
7-Sep-12	14.38
6-Sep-12	15.63
5-Sep-12	17.74
4-Sep-12	17.98
31-Aug-12	17.47
30-Aug-12	17.83
29-Aug-12	17.06
28-Aug-12	16.49
27-Aug-12	16.35
24-Aug-12	15.18
23-Aug-12	15.96
22-Aug-12	15.11
21-Aug-12	15.02
20-Aug-12	14.02
17-Aug-12	13.45
16-Aug-12	14.29
15-Aug-12	14.63
14-Aug-12	14.85
13-Aug-12	13.7
10-Aug-12	14.74
9-Aug-12	15.28
8-Aug-12	15.32
7-Aug-12	15.99
6-Aug-12	15.95
3-Aug-12	15.64
2-Aug-12	17.57
1-Aug-12	18.96
31-Jul-12	18.93
30-Jul-12	18.03
27-Jul-12	16.7
26-Jul-12	17.53
25-Jul-12	19.34
24-Jul-12	20.47
23-Jul-12	18.62
20-Jul-12	16.27
19-Jul-12	15.45
18-Jul-12	16.16
17-Jul-12	16.48
16-Jul-12	17.11
13-Jul-12	16.74
12-Jul-12	18.36
11-Jul-12	17.95
10-Jul-12	18.72
9-Jul-12	18.05
6-Jul-12	17.1
5-Jul-12	17.5
3-Jul-12	16.66
2-Jul-12	16.8
29-Jun-12	17.08
28-Jun-12	19.71
27-Jun-12	19.45
26-Jun-12	19.72
25-Jun-12	20.38
22-Jun-12	18.11
21-Jun-12	20.08
20-Jun-12	17.24
19-Jun-12	18.38
18-Jun-12	18.32
15-Jun-12	21.11
14-Jun-12	21.68
13-Jun-12	24.27
12-Jun-12	22.09
11-Jun-12	23.56
8-Jun-12	21.23
7-Jun-12	21.72
6-Jun-12	22.16
5-Jun-12	24.68
4-Jun-12	26.12
1-Jun-12	26.66
31-May-12	24.06
30-May-12	24.14
29-May-12	21.03
25-May-12	21.76
24-May-12	21.54
23-May-12	22.33
22-May-12	22.48
21-May-12	22.01
18-May-12	25.1
17-May-12	24.49
16-May-12	22.27
15-May-12	21.97
14-May-12	21.87
11-May-12	19.89
10-May-12	18.83
9-May-12	20.08
8-May-12	19.05
7-May-12	18.94
4-May-12	19.16
3-May-12	17.56
2-May-12	16.88
1-May-12	16.6
30-Apr-12	17.15
27-Apr-12	16.32
26-Apr-12	16.24
25-Apr-12	16.82
24-Apr-12	18.1
23-Apr-12	18.97
20-Apr-12	17.44
19-Apr-12	18.36
18-Apr-12	18.64
17-Apr-12	18.46
16-Apr-12	19.55
13-Apr-12	19.55
12-Apr-12	17.2
11-Apr-12	20.02
10-Apr-12	20.39
9-Apr-12	18.81
5-Apr-12	16.7
4-Apr-12	16.42
3-Apr-12	15.66
2-Apr-12	15.64
30-Mar-12	15.5
29-Mar-12	15.48
28-Mar-12	15.47
27-Mar-12	15.57
26-Mar-12	14.26
23-Mar-12	14.82
22-Mar-12	15.68
21-Mar-12	15.13
20-Mar-12	15.58
19-Mar-12	15.04
16-Mar-12	14.43
15-Mar-12	15.43
14-Mar-12	15.31
13-Mar-12	14.73
12-Mar-12	15.64
9-Mar-12	17.11
8-Mar-12	18.02
7-Mar-12	19.07
6-Mar-12	20.84
5-Mar-12	18.05
2-Mar-12	17.29
1-Mar-12	17.26
29-Feb-12	18.43
28-Feb-12	17.95
27-Feb-12	18.18
24-Feb-12	17.31
23-Feb-12	16.83
22-Feb-12	18.19
21-Feb-12	18.19
17-Feb-12	17.78
16-Feb-12	19.22
15-Feb-12	21.14
14-Feb-12	19.54
13-Feb-12	19.04
10-Feb-12	20.77
9-Feb-12	18.63
8-Feb-12	18.16
7-Feb-12	17.67
6-Feb-12	17.76
3-Feb-12	17.1
2-Feb-12	17.98
1-Feb-12	18.55
31-Jan-12	19.44
30-Jan-12	19.4
27-Jan-12	18.53
26-Jan-12	18.57
25-Jan-12	18.31
24-Jan-12	18.91
23-Jan-12	18.67
20-Jan-12	18.28
19-Jan-12	19.87
18-Jan-12	20.89
17-Jan-12	22.2
13-Jan-12	20.91
12-Jan-12	20.47
11-Jan-12	21.05
10-Jan-12	20.69
9-Jan-12	21.07
6-Jan-12	20.63
5-Jan-12	21.48
4-Jan-12	22.22
3-Jan-12	22.97
30-Dec-11	23.4
29-Dec-11	22.65
28-Dec-11	23.52
27-Dec-11	21.91
23-Dec-11	20.73
22-Dec-11	21.16
21-Dec-11	21.43
20-Dec-11	23.22
19-Dec-11	24.92
16-Dec-11	24.29
15-Dec-11	25.11
14-Dec-11	26.04
13-Dec-11	25.41
12-Dec-11	25.67
9-Dec-11	26.38
8-Dec-11	30.59
7-Dec-11	28.67
6-Dec-11	28.13
5-Dec-11	27.84
2-Dec-11	27.52
1-Dec-11	27.41
30-Nov-11	27.8
29-Nov-11	30.64
28-Nov-11	32.13
25-Nov-11	34.47
23-Nov-11	33.98
22-Nov-11	31.97
21-Nov-11	32.91
18-Nov-11	32
17-Nov-11	34.51
16-Nov-11	33.51
15-Nov-11	31.22
14-Nov-11	31.13
11-Nov-11	30.04
10-Nov-11	32.81
9-Nov-11	36.16
8-Nov-11	27.48
7-Nov-11	29.85
4-Nov-11	30.16
3-Nov-11	30.5
2-Nov-11	32.74
1-Nov-11	34.77
31-Oct-11	29.96
28-Oct-11	24.53
27-Oct-11	25.46
26-Oct-11	29.86
25-Oct-11	32.22
24-Oct-11	29.26
21-Oct-11	31.32
20-Oct-11	34.78
19-Oct-11	34.44
18-Oct-11	31.56
17-Oct-11	33.39
14-Oct-11	28.24
13-Oct-11	30.7
12-Oct-11	31.26
11-Oct-11	32.86
10-Oct-11	33.02
7-Oct-11	36.2
6-Oct-11	36.27
5-Oct-11	37.81
4-Oct-11	40.82
3-Oct-11	45.45
30-Sep-11	42.96
29-Sep-11	38.84
28-Sep-11	41.08
27-Sep-11	37.71
26-Sep-11	39.02
23-Sep-11	41.25
22-Sep-11	41.35
21-Sep-11	37.32
20-Sep-11	32.86
19-Sep-11	32.73
16-Sep-11	30.98
15-Sep-11	31.97
14-Sep-11	34.6
13-Sep-11	36.91
12-Sep-11	38.59
9-Sep-11	38.52
8-Sep-11	34.32
7-Sep-11	33.38
6-Sep-11	37
2-Sep-11	33.92
1-Sep-11	31.82
31-Aug-11	31.62
30-Aug-11	32.89
29-Aug-11	32.28
26-Aug-11	35.59
25-Aug-11	39.76
24-Aug-11	35.9
23-Aug-11	36.27
22-Aug-11	42.44
19-Aug-11	43.05
18-Aug-11	42.67
17-Aug-11	31.58
16-Aug-11	32.85
15-Aug-11	31.87
12-Aug-11	36.36
11-Aug-11	39
10-Aug-11	42.99
9-Aug-11	35.06
8-Aug-11	48
5-Aug-11	32
4-Aug-11	31.66
3-Aug-11	23.38
2-Aug-11	24.79
1-Aug-11	23.66
29-Jul-11	25.25
28-Jul-11	23.74
27-Jul-11	22.98
26-Jul-11	20.23
25-Jul-11	19.35
22-Jul-11	17.52
21-Jul-11	17.56
20-Jul-11	19.09
19-Jul-11	19.21
18-Jul-11	20.95
15-Jul-11	19.53
14-Jul-11	20.8
13-Jul-11	19.91
12-Jul-11	19.87
11-Jul-11	18.39
8-Jul-11	15.95
7-Jul-11	15.95
6-Jul-11	16.34
5-Jul-11	16.06
1-Jul-11	15.87
30-Jun-11	16.52
29-Jun-11	17.27
28-Jun-11	19.17
27-Jun-11	20.56
24-Jun-11	21.1
23-Jun-11	19.29
22-Jun-11	18.52
21-Jun-11	18.86
20-Jun-11	19.99
17-Jun-11	21.85
16-Jun-11	22.73
15-Jun-11	21.32
14-Jun-11	18.26
13-Jun-11	19.61
10-Jun-11	18.86
9-Jun-11	17.77
8-Jun-11	18.79
7-Jun-11	18.07
6-Jun-11	18.49
3-Jun-11	17.95
2-Jun-11	18.09
1-Jun-11	18.3
31-May-11	15.45
27-May-11	15.98
26-May-11	16.09
25-May-11	17.07
24-May-11	17.82
23-May-11	18.27
20-May-11	17.43
19-May-11	15.52
18-May-11	16.23
17-May-11	17.55
16-May-11	18.24
13-May-11	17.07
12-May-11	16.03
11-May-11	16.95
10-May-11	15.91
9-May-11	17.16
6-May-11	18.4
5-May-11	18.2
4-May-11	17.08
3-May-11	16.7
2-May-11	15.99
29-Apr-11	14.75
28-Apr-11	14.62
27-Apr-11	15.35
26-Apr-11	15.62
25-Apr-11	15.77
21-Apr-11	14.69
20-Apr-11	15.07
19-Apr-11	15.83
18-Apr-11	16.96
15-Apr-11	15.32
14-Apr-11	16.27
13-Apr-11	16.92
12-Apr-11	17.09
11-Apr-11	16.59
8-Apr-11	17.87
7-Apr-11	17.11
6-Apr-11	16.9
5-Apr-11	17.25
4-Apr-11	17.5
1-Apr-11	17.4
31-Mar-11	17.74
30-Mar-11	17.71
29-Mar-11	18.16
28-Mar-11	19.44
25-Mar-11	17.91
24-Mar-11	18
23-Mar-11	19.17
22-Mar-11	20.21
21-Mar-11	20.61
18-Mar-11	24.44
17-Mar-11	26.37
16-Mar-11	29.4
15-Mar-11	24.32
14-Mar-11	21.13
11-Mar-11	20.08
10-Mar-11	21.79
9-Mar-11	20.22
8-Mar-11	19.82
7-Mar-11	20.66
4-Mar-11	19.06
3-Mar-11	18.6
2-Mar-11	20.7
1-Mar-11	21.01
28-Feb-11	18.35
25-Feb-11	19.22
24-Feb-11	21.32
23-Feb-11	22.13
22-Feb-11	20.8
18-Feb-11	16.43
17-Feb-11	16.59
16-Feb-11	16.72
15-Feb-11	16.37
14-Feb-11	15.95
11-Feb-11	15.69
10-Feb-11	16.09
9-Feb-11	15.87
8-Feb-11	15.81
7-Feb-11	16.28
4-Feb-11	15.93
3-Feb-11	16.69
2-Feb-11	17.3
1-Feb-11	17.63
31-Jan-11	19.53
28-Jan-11	20.04
27-Jan-11	16.15
26-Jan-11	16.64
25-Jan-11	17.59
24-Jan-11	17.65
21-Jan-11	18.47
20-Jan-11	17.99
19-Jan-11	17.31
18-Jan-11	15.87
14-Jan-11	15.46
13-Jan-11	16.39
12-Jan-11	16.24
11-Jan-11	16.89
10-Jan-11	17.54
7-Jan-11	17.14
6-Jan-11	17.4
5-Jan-11	17.02
4-Jan-11	17.38
3-Jan-11	17.61
31-Dec-10	17.75
30-Dec-10	17.52
29-Dec-10	17.28
28-Dec-10	17.52
27-Dec-10	17.67
23-Dec-10	16.47
22-Dec-10	15.45
21-Dec-10	16.49
20-Dec-10	16.41
17-Dec-10	16.11
16-Dec-10	17.39
15-Dec-10	17.94
14-Dec-10	17.61
13-Dec-10	17.55
10-Dec-10	17.61
9-Dec-10	17.25
8-Dec-10	17.74
7-Dec-10	17.99
6-Dec-10	18.02
3-Dec-10	18.01
2-Dec-10	19.39
1-Dec-10	21.36
30-Nov-10	23.54
29-Nov-10	21.53
26-Nov-10	22.22
24-Nov-10	19.56
23-Nov-10	20.63
22-Nov-10	18.37
19-Nov-10	18.04
18-Nov-10	18.75
17-Nov-10	21.76
16-Nov-10	22.58
15-Nov-10	20.2
12-Nov-10	20.61
11-Nov-10	18.64
10-Nov-10	18.47
9-Nov-10	19.08
8-Nov-10	18.29
5-Nov-10	18.26
4-Nov-10	18.52
3-Nov-10	19.56
2-Nov-10	21.57
1-Nov-10	21.83
29-Oct-10	21.2
28-Oct-10	20.88
27-Oct-10	20.71
26-Oct-10	20.22
25-Oct-10	19.85
22-Oct-10	18.78
21-Oct-10	19.27
20-Oct-10	19.79
19-Oct-10	20.63
18-Oct-10	19.09
15-Oct-10	19.03
14-Oct-10	19.88
13-Oct-10	19.07
12-Oct-10	18.93
11-Oct-10	18.96
8-Oct-10	20.71
7-Oct-10	21.56
6-Oct-10	21.49
5-Oct-10	21.76
4-Oct-10	23.53
1-Oct-10	22.5
30-Sep-10	23.7
29-Sep-10	23.25
28-Sep-10	22.6
27-Sep-10	22.54
24-Sep-10	21.71
23-Sep-10	23.87
22-Sep-10	22.51
21-Sep-10	22.35
20-Sep-10	21.5
17-Sep-10	22.01
16-Sep-10	21.72
15-Sep-10	22.1
14-Sep-10	21.56
13-Sep-10	21.21
10-Sep-10	21.99
9-Sep-10	22.81
8-Sep-10	23.25
7-Sep-10	23.8
3-Sep-10	21.31
2-Sep-10	23.19
1-Sep-10	23.89
31-Aug-10	26.05
30-Aug-10	27.21
27-Aug-10	24.45
26-Aug-10	27.37
25-Aug-10	26.7
24-Aug-10	27.46
23-Aug-10	25.66
20-Aug-10	25.49
19-Aug-10	26.44
18-Aug-10	24.59
17-Aug-10	24.33
16-Aug-10	26.1
13-Aug-10	26.24
12-Aug-10	25.73
11-Aug-10	25.39
10-Aug-10	22.37
9-Aug-10	22.14
6-Aug-10	21.74
5-Aug-10	22.1
4-Aug-10	22.21
3-Aug-10	22.63
2-Aug-10	22.01
30-Jul-10	23.5
29-Jul-10	24.13
28-Jul-10	24.25
27-Jul-10	23.19
26-Jul-10	22.78
23-Jul-10	23.47
22-Jul-10	24.63
21-Jul-10	25.64
20-Jul-10	23.93
19-Jul-10	25.97
16-Jul-10	26.25
15-Jul-10	25.14
14-Jul-10	24.89
13-Jul-10	24.56
12-Jul-10	24.43
9-Jul-10	24.98
8-Jul-10	25.71
7-Jul-10	26.84
6-Jul-10	29.65
2-Jul-10	30.12
1-Jul-10	32.86
30-Jun-10	34.54
29-Jun-10	34.13
28-Jun-10	29
25-Jun-10	28.53
24-Jun-10	29.74
23-Jun-10	26.91
22-Jun-10	27.05
21-Jun-10	24.88
18-Jun-10	23.95
17-Jun-10	25.05
16-Jun-10	25.92
15-Jun-10	25.87
14-Jun-10	28.58
11-Jun-10	28.79
10-Jun-10	30.57
9-Jun-10	33.73
8-Jun-10	33.7
7-Jun-10	36.57
4-Jun-10	35.48
3-Jun-10	29.46
2-Jun-10	30.17
1-Jun-10	35.54
28-May-10	32.07
27-May-10	29.68
26-May-10	35.02
25-May-10	34.61
24-May-10	38.32
21-May-10	40.1
20-May-10	45.79
19-May-10	35.32
18-May-10	33.55
17-May-10	30.84
14-May-10	31.24
13-May-10	26.68
12-May-10	25.52
11-May-10	28.32
10-May-10	28.84
7-May-10	40.95
6-May-10	32.8
5-May-10	24.91
4-May-10	23.84
3-May-10	20.19
30-Apr-10	22.05
29-Apr-10	18.44
28-Apr-10	21.08
27-Apr-10	22.81
26-Apr-10	17.47
23-Apr-10	16.62
22-Apr-10	16.47
21-Apr-10	16.32
20-Apr-10	15.73
19-Apr-10	17.34
16-Apr-10	18.36
15-Apr-10	15.89
14-Apr-10	15.59
13-Apr-10	16.2
12-Apr-10	15.58
9-Apr-10	16.14
8-Apr-10	16.48
7-Apr-10	16.62
6-Apr-10	16.23
5-Apr-10	17.02
1-Apr-10	17.47
31-Mar-10	17.59
30-Mar-10	17.13
29-Mar-10	17.59
26-Mar-10	17.77
25-Mar-10	18.4
24-Mar-10	17.55
23-Mar-10	16.35
22-Mar-10	16.87
19-Mar-10	16.97
18-Mar-10	16.62
17-Mar-10	16.91
16-Mar-10	17.69
15-Mar-10	18
12-Mar-10	17.58
11-Mar-10	18.06
10-Mar-10	18.57
9-Mar-10	17.92
8-Mar-10	17.79
5-Mar-10	17.42
4-Mar-10	18.72
3-Mar-10	18.83
2-Mar-10	19.06
1-Mar-10	19.26
26-Feb-10	19.5
25-Feb-10	20.1
24-Feb-10	20.27
23-Feb-10	21.37
22-Feb-10	19.94
19-Feb-10	20.02
18-Feb-10	20.63
17-Feb-10	21.72
16-Feb-10	22.25
12-Feb-10	22.73
11-Feb-10	23.96
10-Feb-10	25.4
9-Feb-10	26
8-Feb-10	26.51
5-Feb-10	26.11
4-Feb-10	26.08
3-Feb-10	21.6
2-Feb-10	21.48
1-Feb-10	22.59
29-Jan-10	24.62
28-Jan-10	23.73
27-Jan-10	23.14
26-Jan-10	24.55
25-Jan-10	25.41
22-Jan-10	27.31
21-Jan-10	22.27
20-Jan-10	18.68
19-Jan-10	17.58
15-Jan-10	17.91
14-Jan-10	17.63
13-Jan-10	17.85
12-Jan-10	18.25
11-Jan-10	17.55
8-Jan-10	18.13
7-Jan-10	19.06
6-Jan-10	19.16
5-Jan-10	19.35
4-Jan-10	20.04
31-Dec-09	21.68
30-Dec-09	19.96
29-Dec-09	20.01
28-Dec-09	19.93
24-Dec-09	19.47
23-Dec-09	19.71
22-Dec-09	19.54
21-Dec-09	20.49
18-Dec-09	21.68
17-Dec-09	22.57
16-Dec-09	20.54
15-Dec-09	21.5
14-Dec-09	21.15
11-Dec-09	21.59
10-Dec-09	22.32
9-Dec-09	22.66
8-Dec-09	23.69
7-Dec-09	22.1
4-Dec-09	21.25
3-Dec-09	22.46
2-Dec-09	21.12
1-Dec-09	21.92
30-Nov-09	24.51
27-Nov-09	24.74
25-Nov-09	20.48
24-Nov-09	20.47
23-Nov-09	21.16
20-Nov-09	22.19
19-Nov-09	22.63
18-Nov-09	21.63
17-Nov-09	22.41
16-Nov-09	22.89
13-Nov-09	23.36
12-Nov-09	24.24
11-Nov-09	23
10-Nov-09	22.84
9-Nov-09	23.15
6-Nov-09	24.19
5-Nov-09	25.43
4-Nov-09	27.72
3-Nov-09	28.81
2-Nov-09	29.78
30-Oct-09	30.69
29-Oct-09	24.76
28-Oct-09	27.91
27-Oct-09	24.83
26-Oct-09	24.31
23-Oct-09	22.27
22-Oct-09	20.69
21-Oct-09	22.22
20-Oct-09	20.9
19-Oct-09	21.49
16-Oct-09	21.43
15-Oct-09	21.72
14-Oct-09	22.86
13-Oct-09	22.99
12-Oct-09	23.01
9-Oct-09	23.12
8-Oct-09	24.18
7-Oct-09	24.68
6-Oct-09	25.7
5-Oct-09	26.84
2-Oct-09	28.68
1-Oct-09	28.27
30-Sep-09	25.61
29-Sep-09	25.19
28-Sep-09	24.88
25-Sep-09	25.61
24-Sep-09	24.95
23-Sep-09	23.49
22-Sep-09	23.08
21-Sep-09	24.06
18-Sep-09	23.92
17-Sep-09	23.65
16-Sep-09	23.69
15-Sep-09	23.42
14-Sep-09	23.86
11-Sep-09	24.15
10-Sep-09	23.55
9-Sep-09	24.32
8-Sep-09	25.62
4-Sep-09	25.26
3-Sep-09	27.1
2-Sep-09	28.9
1-Sep-09	29.15
31-Aug-09	26.01
28-Aug-09	24.76
27-Aug-09	24.68
26-Aug-09	24.95
25-Aug-09	24.92
24-Aug-09	25.14
21-Aug-09	25.01
20-Aug-09	25.09
19-Aug-09	26.26
18-Aug-09	26.18
17-Aug-09	27.89
14-Aug-09	24.27
13-Aug-09	24.71
12-Aug-09	25.45
11-Aug-09	25.99
10-Aug-09	24.99
7-Aug-09	24.76
6-Aug-09	25.67
5-Aug-09	24.9
4-Aug-09	24.89
3-Aug-09	25.56
31-Jul-09	25.92
30-Jul-09	25.4
29-Jul-09	25.61
28-Jul-09	25.01
27-Jul-09	24.28
24-Jul-09	23.09
23-Jul-09	23.43
22-Jul-09	23.47
21-Jul-09	23.87
20-Jul-09	24.4
17-Jul-09	24.34
16-Jul-09	25.42
15-Jul-09	25.89
14-Jul-09	25.02
13-Jul-09	26.31
10-Jul-09	29.02
9-Jul-09	29.78
8-Jul-09	31.3
7-Jul-09	30.85
6-Jul-09	29
2-Jul-09	27.95
1-Jul-09	26.22
30-Jun-09	26.35
29-Jun-09	25.35
26-Jun-09	25.93
25-Jun-09	26.36
24-Jun-09	29.05
23-Jun-09	30.58
22-Jun-09	31.17
19-Jun-09	27.99
18-Jun-09	30.03
17-Jun-09	31.54
16-Jun-09	32.68
15-Jun-09	30.81
12-Jun-09	28.15
11-Jun-09	28.11
10-Jun-09	28.46
9-Jun-09	28.27
8-Jun-09	29.77
5-Jun-09	29.62
4-Jun-09	30.18
3-Jun-09	31.02
2-Jun-09	29.63
1-Jun-09	30.04
29-May-09	28.92
28-May-09	31.67
27-May-09	32.36
26-May-09	30.62
22-May-09	32.63
21-May-09	31.35
20-May-09	29.03
19-May-09	28.8
18-May-09	30.24
15-May-09	33.12
14-May-09	31.37
13-May-09	33.65
12-May-09	31.8
11-May-09	32.87
8-May-09	32.05
7-May-09	33.44
6-May-09	32.45
5-May-09	33.36
4-May-09	34.53
1-May-09	35.3
30-Apr-09	36.5
29-Apr-09	36.08
28-Apr-09	37.95
27-Apr-09	38.32
24-Apr-09	36.82
23-Apr-09	37.15
22-Apr-09	38.1
21-Apr-09	37.14
20-Apr-09	39.18
17-Apr-09	33.94
16-Apr-09	35.79
15-Apr-09	36.17
14-Apr-09	37.67
13-Apr-09	37.81
9-Apr-09	36.53
8-Apr-09	38.85
7-Apr-09	40.39
6-Apr-09	40.93
3-Apr-09	39.7
2-Apr-09	42.04
1-Apr-09	42.28
31-Mar-09	44.14
30-Mar-09	45.54
27-Mar-09	41.04
26-Mar-09	40.36
25-Mar-09	42.25
24-Mar-09	42.93
23-Mar-09	43.23
20-Mar-09	45.89
19-Mar-09	43.68
18-Mar-09	40.06
17-Mar-09	40.8
16-Mar-09	43.74
13-Mar-09	42.36
12-Mar-09	41.18
11-Mar-09	43.61
10-Mar-09	44.37
9-Mar-09	49.68
6-Mar-09	49.33
5-Mar-09	50.17
4-Mar-09	47.56
3-Mar-09	50.93
2-Mar-09	52.65
27-Feb-09	46.35
26-Feb-09	44.66
25-Feb-09	44.67
24-Feb-09	45.49
23-Feb-09	52.62
20-Feb-09	49.3
19-Feb-09	47.08
18-Feb-09	48.46
17-Feb-09	48.66
13-Feb-09	42.93
12-Feb-09	41.25
11-Feb-09	44.53
10-Feb-09	46.67
9-Feb-09	43.64
6-Feb-09	43.37
5-Feb-09	43.73
4-Feb-09	43.85
3-Feb-09	43.06
2-Feb-09	45.52
30-Jan-09	44.84
29-Jan-09	42.63
28-Jan-09	39.66
27-Jan-09	42.25
26-Jan-09	45.69
23-Jan-09	47.27
22-Jan-09	47.29
21-Jan-09	46.42
20-Jan-09	56.65
16-Jan-09	46.11
15-Jan-09	51
14-Jan-09	49.14
13-Jan-09	43.27
12-Jan-09	45.84
9-Jan-09	42.82
8-Jan-09	42.56
7-Jan-09	43.39
6-Jan-09	38.56
5-Jan-09	39.08
2-Jan-09	39.19
31-Dec-08	40
30-Dec-08	41.63
29-Dec-08	43.9
26-Dec-08	43.38
24-Dec-08	44.21
23-Dec-08	45.02
22-Dec-08	44.56
19-Dec-08	44.93
18-Dec-08	47.34
17-Dec-08	49.84
16-Dec-08	52.37
15-Dec-08	56.76
12-Dec-08	54.28
11-Dec-08	55.78
10-Dec-08	55.73
9-Dec-08	58.91
8-Dec-08	58.49
5-Dec-08	59.93
4-Dec-08	63.64
3-Dec-08	60.72
2-Dec-08	62.98
1-Dec-08	68.51
28-Nov-08	55.28
26-Nov-08	54.92
25-Nov-08	60.9
24-Nov-08	64.7
21-Nov-08	72.67
20-Nov-08	80.86
19-Nov-08	74.26
18-Nov-08	67.64
17-Nov-08	69.15
14-Nov-08	66.31
13-Nov-08	59.83
12-Nov-08	66.46
11-Nov-08	61.44
10-Nov-08	59.98
7-Nov-08	56.1
6-Nov-08	63.68
5-Nov-08	54.56
4-Nov-08	47.73
3-Nov-08	53.68
31-Oct-08	59.89
30-Oct-08	62.9
29-Oct-08	69.96
28-Oct-08	66.96
27-Oct-08	80.06
24-Oct-08	79.13
23-Oct-08	67.8
22-Oct-08	69.65
21-Oct-08	53.11
20-Oct-08	52.97
17-Oct-08	70.33
16-Oct-08	67.61
15-Oct-08	69.25
14-Oct-08	55.13
13-Oct-08	54.99
10-Oct-08	69.95
9-Oct-08	63.92
8-Oct-08	57.53
7-Oct-08	53.68
6-Oct-08	52.05
3-Oct-08	45.14
2-Oct-08	45.26
1-Oct-08	39.81
30-Sep-08	39.39
29-Sep-08	46.72
26-Sep-08	34.74
25-Sep-08	32.82
24-Sep-08	35.19
23-Sep-08	35.72
22-Sep-08	33.85
19-Sep-08	32.07
18-Sep-08	33.1
17-Sep-08	36.22
16-Sep-08	30.3
15-Sep-08	31.7
12-Sep-08	25.66
11-Sep-08	24.39
10-Sep-08	24.52
9-Sep-08	25.47
8-Sep-08	22.64
5-Sep-08	23.06
4-Sep-08	24.03
3-Sep-08	21.43
2-Sep-08	21.99
29-Aug-08	20.65
28-Aug-08	19.43
27-Aug-08	19.76
26-Aug-08	20.49
25-Aug-08	20.97
22-Aug-08	18.81
21-Aug-08	19.82
20-Aug-08	20.42
19-Aug-08	21.28
18-Aug-08	20.98
15-Aug-08	19.58
14-Aug-08	20.34
13-Aug-08	21.55
12-Aug-08	21.17
11-Aug-08	20.12
8-Aug-08	20.66
7-Aug-08	21.15
6-Aug-08	20.23
5-Aug-08	21.14
4-Aug-08	23.49
1-Aug-08	22.57
31-Jul-08	22.94
30-Jul-08	21.21
29-Jul-08	22.03
28-Jul-08	24.23
25-Jul-08	22.91
24-Jul-08	23.44
23-Jul-08	21.31
22-Jul-08	21.18
21-Jul-08	23.05
18-Jul-08	24.05
17-Jul-08	25.01
16-Jul-08	25.1
15-Jul-08	28.54
14-Jul-08	28.48
11-Jul-08	27.49
10-Jul-08	25.59
9-Jul-08	25.23
8-Jul-08	23.15
7-Jul-08	25.78
3-Jul-08	24.79
2-Jul-08	25.92
1-Jul-08	23.65
30-Jun-08	23.95
27-Jun-08	23.44
26-Jun-08	23.93
25-Jun-08	21.14
24-Jun-08	22.42
23-Jun-08	22.64
20-Jun-08	22.87
19-Jun-08	21.58
18-Jun-08	22.24
17-Jun-08	21.13
16-Jun-08	20.95
13-Jun-08	21.22
12-Jun-08	23.33
11-Jun-08	24.12
10-Jun-08	23.18
9-Jun-08	23.12
6-Jun-08	23.56
5-Jun-08	18.63
4-Jun-08	20.8
3-Jun-08	20.24
2-Jun-08	19.83
30-May-08	17.83
29-May-08	18.14
28-May-08	19.07
27-May-08	19.64
23-May-08	19.55
22-May-08	18.05
21-May-08	18.59
20-May-08	17.58
19-May-08	17.01
16-May-08	16.47
15-May-08	16.3
14-May-08	17.66
13-May-08	17.98
12-May-08	17.79
9-May-08	19.41
8-May-08	19.4
7-May-08	19.73
6-May-08	18.21
5-May-08	18.9
2-May-08	18.18
1-May-08	18.88
30-Apr-08	20.79
29-Apr-08	20.24
28-Apr-08	19.64
25-Apr-08	19.59
24-Apr-08	20.06
23-Apr-08	20.26
22-Apr-08	20.87
21-Apr-08	20.5
18-Apr-08	20.13
17-Apr-08	20.37
16-Apr-08	20.53
15-Apr-08	22.78
14-Apr-08	23.82
11-Apr-08	23.46
10-Apr-08	21.98
9-Apr-08	22.81
8-Apr-08	22.36
7-Apr-08	22.42
4-Apr-08	22.45
3-Apr-08	23.21
2-Apr-08	23.43
1-Apr-08	22.68
31-Mar-08	25.61
28-Mar-08	25.71
27-Mar-08	25.88
26-Mar-08	26.08
25-Mar-08	25.72
24-Mar-08	25.73
20-Mar-08	26.62
19-Mar-08	29.84
18-Mar-08	25.79
17-Mar-08	32.24
14-Mar-08	31.16
13-Mar-08	27.29
12-Mar-08	27.22
11-Mar-08	26.36
10-Mar-08	29.38
7-Mar-08	27.49
6-Mar-08	27.55
5-Mar-08	24.6
4-Mar-08	25.52
3-Mar-08	26.28
29-Feb-08	26.54
28-Feb-08	23.53
27-Feb-08	22.69
26-Feb-08	21.9
25-Feb-08	23.03
22-Feb-08	24.06
21-Feb-08	25.12
20-Feb-08	24.4
19-Feb-08	25.59
15-Feb-08	25.02
14-Feb-08	25.54
13-Feb-08	24.88
12-Feb-08	26.33
11-Feb-08	27.6
8-Feb-08	28.01
7-Feb-08	27.66
6-Feb-08	28.97
5-Feb-08	28.24
4-Feb-08	25.99
1-Feb-08	24.02
31-Jan-08	26.2
30-Jan-08	27.62
29-Jan-08	27.32
28-Jan-08	27.78
25-Jan-08	29.08
24-Jan-08	27.78
23-Jan-08	29.02
22-Jan-08	31.01
18-Jan-08	27.18
17-Jan-08	28.46
16-Jan-08	24.38
15-Jan-08	23.34
14-Jan-08	22.9
11-Jan-08	23.68
10-Jan-08	23.45
9-Jan-08	24.12
8-Jan-08	25.43
7-Jan-08	23.79
4-Jan-08	23.94
3-Jan-08	22.49
2-Jan-08	23.17
31-Dec-07	22.5
28-Dec-07	20.74
27-Dec-07	20.26
26-Dec-07	18.66
24-Dec-07	18.6
21-Dec-07	18.47
20-Dec-07	20.58
19-Dec-07	21.68
18-Dec-07	22.64
17-Dec-07	24.52
14-Dec-07	23.27
13-Dec-07	22.56
12-Dec-07	22.47
11-Dec-07	23.59
10-Dec-07	20.74
7-Dec-07	20.85
6-Dec-07	20.96
5-Dec-07	22.53
4-Dec-07	23.79
3-Dec-07	23.61
30-Nov-07	22.87
29-Nov-07	23.97
28-Nov-07	24.11
27-Nov-07	26.28
26-Nov-07	28.91
23-Nov-07	25.96
21-Nov-07	26.84
20-Nov-07	24.88
19-Nov-07	26.01
16-Nov-07	25.49
15-Nov-07	28.06
14-Nov-07	25.94
13-Nov-07	24.1
12-Nov-07	31.09
9-Nov-07	28.5
8-Nov-07	26.16
7-Nov-07	26.49
6-Nov-07	21.39
5-Nov-07	24.31
2-Nov-07	23.01
1-Nov-07	23.21
31-Oct-07	18.53
30-Oct-07	21.07
29-Oct-07	19.87
26-Oct-07	19.56
25-Oct-07	21.17
24-Oct-07	20.8
23-Oct-07	20.41
22-Oct-07	21.64
19-Oct-07	22.96
18-Oct-07	18.5
17-Oct-07	18.54
16-Oct-07	20.02
15-Oct-07	19.25
12-Oct-07	17.73
11-Oct-07	18.88
10-Oct-07	16.67
9-Oct-07	16.12
8-Oct-07	17.46
5-Oct-07	16.91
4-Oct-07	18.44
3-Oct-07	18.8
2-Oct-07	18.49
1-Oct-07	17.84
28-Sep-07	18
27-Sep-07	17
26-Sep-07	17.63
25-Sep-07	18.6
24-Sep-07	19.37
21-Sep-07	19
20-Sep-07	20.45
19-Sep-07	20.03
18-Sep-07	20.35
17-Sep-07	26.48
14-Sep-07	24.92
13-Sep-07	24.76
12-Sep-07	24.96
11-Sep-07	25.27
10-Sep-07	27.38
7-Sep-07	26.23
6-Sep-07	23.99
5-Sep-07	24.58
4-Sep-07	22.78
31-Aug-07	23.38
30-Aug-07	25.06
29-Aug-07	23.81
28-Aug-07	26.3
27-Aug-07	22.72
24-Aug-07	20.72
23-Aug-07	22.62
22-Aug-07	22.89
21-Aug-07	25.25
20-Aug-07	26.33
17-Aug-07	29.99
16-Aug-07	30.83
15-Aug-07	30.67
14-Aug-07	27.68
13-Aug-07	26.57
10-Aug-07	28.3
9-Aug-07	26.48
8-Aug-07	21.45
7-Aug-07	21.56
6-Aug-07	22.94
3-Aug-07	25.16
2-Aug-07	21.22
1-Aug-07	23.67
31-Jul-07	23.52
30-Jul-07	20.87
27-Jul-07	24.17
26-Jul-07	20.74
25-Jul-07	18.1
24-Jul-07	18.55
23-Jul-07	16.81
20-Jul-07	16.95
19-Jul-07	15.23
18-Jul-07	16
17-Jul-07	15.63
16-Jul-07	15.59
13-Jul-07	15.15
12-Jul-07	15.54
11-Jul-07	16.64
10-Jul-07	17.57
9-Jul-07	15.16
6-Jul-07	14.72
5-Jul-07	15.48
3-Jul-07	15.29
2-Jul-07	15.4
29-Jun-07	16.23
28-Jun-07	15.54
27-Jun-07	15.53
26-Jun-07	18.89
25-Jun-07	16.65
22-Jun-07	15.75
21-Jun-07	14.21
20-Jun-07	14.67
19-Jun-07	12.85
18-Jun-07	13.42
15-Jun-07	13.94
14-Jun-07	13.64
13-Jun-07	14.73
12-Jun-07	16.67
11-Jun-07	14.71
8-Jun-07	14.84
7-Jun-07	17.06
6-Jun-07	14.87
5-Jun-07	13.63
4-Jun-07	13.29
1-Jun-07	12.78
31-May-07	13.05
30-May-07	12.83
29-May-07	13.53
25-May-07	13.34
24-May-07	14.08
23-May-07	13.24
22-May-07	13.06
21-May-07	13.3
18-May-07	12.76
17-May-07	13.51
16-May-07	13.5
15-May-07	14.01
14-May-07	13.96
11-May-07	12.95
10-May-07	13.6
9-May-07	12.88
8-May-07	13.21
7-May-07	13.15
4-May-07	12.91
3-May-07	13.09
2-May-07	13.08
1-May-07	13.51
30-Apr-07	14.22
27-Apr-07	12.45
26-Apr-07	12.79
25-Apr-07	13.21
24-Apr-07	13.12
23-Apr-07	13.04
20-Apr-07	12.07
19-Apr-07	12.54
18-Apr-07	12.42
17-Apr-07	12.14
16-Apr-07	11.98
13-Apr-07	12.2
12-Apr-07	12.71
11-Apr-07	13.49
10-Apr-07	12.68
9-Apr-07	13.14
5-Apr-07	13.23
4-Apr-07	13.24
3-Apr-07	13.46
2-Apr-07	14.53
30-Mar-07	14.64
29-Mar-07	15.14
28-Mar-07	14.98
27-Mar-07	13.48
26-Mar-07	13.11
23-Mar-07	12.95
22-Mar-07	12.93
21-Mar-07	12.19
20-Mar-07	13.27
19-Mar-07	14.59
16-Mar-07	16.79
15-Mar-07	16.43
14-Mar-07	17.27
13-Mar-07	18.13
12-Mar-07	13.99
9-Mar-07	14.09
8-Mar-07	14.29
7-Mar-07	15.24
6-Mar-07	15.96
5-Mar-07	19.63
2-Mar-07	18.61
1-Mar-07	15.82
28-Feb-07	15.42
27-Feb-07	18.31
26-Feb-07	11.15
23-Feb-07	10.58
22-Feb-07	10.18
21-Feb-07	10.2
20-Feb-07	10.24
16-Feb-07	10.02
15-Feb-07	10.22
14-Feb-07	10.23
13-Feb-07	10.34
12-Feb-07	11.61
9-Feb-07	11.1
8-Feb-07	10.44
7-Feb-07	10.32
6-Feb-07	10.65
5-Feb-07	10.55
2-Feb-07	10.08
1-Feb-07	10.31
31-Jan-07	10.42
30-Jan-07	10.96
29-Jan-07	11.45
26-Jan-07	11.13
25-Jan-07	11.22
24-Jan-07	9.89
23-Jan-07	10.34
22-Jan-07	10.77
19-Jan-07	10.4
18-Jan-07	10.85
17-Jan-07	10.59
16-Jan-07	10.74
12-Jan-07	10.15
11-Jan-07	10.87
10-Jan-07	11.47
9-Jan-07	11.91
8-Jan-07	12
5-Jan-07	12.14
4-Jan-07	11.51
3-Jan-07	12.04
29-Dec-06	11.56
28-Dec-06	10.99
27-Dec-06	10.64
26-Dec-06	11.26
22-Dec-06	11.36
21-Dec-06	10.53
20-Dec-06	10.26
19-Dec-06	10.3
18-Dec-06	10.6
15-Dec-06	10.05
14-Dec-06	9.97
13-Dec-06	10.18
12-Dec-06	10.65
11-Dec-06	10.71
8-Dec-06	12.07
7-Dec-06	12.67
6-Dec-06	11.33
5-Dec-06	11.27
4-Dec-06	11.23
1-Dec-06	11.66
30-Nov-06	10.91
29-Nov-06	10.83
28-Nov-06	11.62
27-Nov-06	12.3
24-Nov-06	10.73
22-Nov-06	10.14
21-Nov-06	9.9
20-Nov-06	9.97
17-Nov-06	10.05
16-Nov-06	10.16
15-Nov-06	10.31
14-Nov-06	10.5
13-Nov-06	10.86
10-Nov-06	10.79
9-Nov-06	11.01
8-Nov-06	10.75
7-Nov-06	11.09
6-Nov-06	11.16
3-Nov-06	11.16
2-Nov-06	11.42
1-Nov-06	11.51
31-Oct-06	11.1
30-Oct-06	11.2
27-Oct-06	10.8
26-Oct-06	10.56
25-Oct-06	10.66
24-Oct-06	10.78
23-Oct-06	11.08
20-Oct-06	10.63
19-Oct-06	10.9
18-Oct-06	11.34
17-Oct-06	11.73
16-Oct-06	11.09
13-Oct-06	10.75
12-Oct-06	11.09
11-Oct-06	11.62
10-Oct-06	11.52
9-Oct-06	11.68
6-Oct-06	11.56
5-Oct-06	11.98
4-Oct-06	11.86
3-Oct-06	12.24
2-Oct-06	12.57
29-Sep-06	11.98
28-Sep-06	11.72
27-Sep-06	11.58
26-Sep-06	11.53
25-Sep-06	12.12
22-Sep-06	12.59
21-Sep-06	12.25
20-Sep-06	11.39
19-Sep-06	11.98
18-Sep-06	11.78
15-Sep-06	11.76
14-Sep-06	11.55
13-Sep-06	11.18
12-Sep-06	11.92
11-Sep-06	12.99
8-Sep-06	13.16
7-Sep-06	13.88
6-Sep-06	13.74
5-Sep-06	12.63
1-Sep-06	11.96
31-Aug-06	12.31
30-Aug-06	12.22
29-Aug-06	12.28
28-Aug-06	12.18
25-Aug-06	12.31
24-Aug-06	12.4
23-Aug-06	12.4
22-Aug-06	12.19
21-Aug-06	12.22
18-Aug-06	11.64
17-Aug-06	12.24
16-Aug-06	12.41
15-Aug-06	13.42
14-Aug-06	14.26
11-Aug-06	14.3
10-Aug-06	14.46
9-Aug-06	15.2
8-Aug-06	15.23
7-Aug-06	15.23
4-Aug-06	14.34
3-Aug-06	14.46
2-Aug-06	14.34
1-Aug-06	15.05
31-Jul-06	14.95
28-Jul-06	14.33
27-Jul-06	14.94
26-Jul-06	14.62
25-Jul-06	14.85
24-Jul-06	14.98
21-Jul-06	17.4
20-Jul-06	16.21
19-Jul-06	15.55
18-Jul-06	17.74
17-Jul-06	18.64
14-Jul-06	18.05
13-Jul-06	17.79
12-Jul-06	14.49
11-Jul-06	13.14
10-Jul-06	14.02
7-Jul-06	13.97
6-Jul-06	13.65
5-Jul-06	14.15
3-Jul-06	13.05
30-Jun-06	13.08
29-Jun-06	13.03
28-Jun-06	15.79
27-Jun-06	16.4
26-Jun-06	15.62
23-Jun-06	15.89
22-Jun-06	15.88
21-Jun-06	15.52
20-Jun-06	16.69
19-Jun-06	17.83
16-Jun-06	17.25
15-Jun-06	15.9
14-Jun-06	21.46
13-Jun-06	23.81
12-Jun-06	20.96
9-Jun-06	18.12
8-Jun-06	18.35
7-Jun-06	17.8
6-Jun-06	17.34
5-Jun-06	16.65
2-Jun-06	14.32
1-Jun-06	14.52
31-May-06	16.44
30-May-06	18.66
26-May-06	14.26
25-May-06	15.5
24-May-06	17.36
23-May-06	18.26
22-May-06	17.72
19-May-06	17.18
18-May-06	16.99
17-May-06	16.26
16-May-06	13.35
15-May-06	13.57
12-May-06	14.19
11-May-06	12.49
10-May-06	11.78
9-May-06	11.99
8-May-06	12
5-May-06	11.62
4-May-06	11.86
3-May-06	11.99
2-May-06	11.99
1-May-06	12.54
28-Apr-06	11.59
27-Apr-06	11.84
26-Apr-06	11.76
25-Apr-06	11.75
24-Apr-06	11.75
21-Apr-06	11.59
20-Apr-06	11.64
19-Apr-06	11.32
18-Apr-06	11.4
17-Apr-06	12.58
13-Apr-06	12.38
12-Apr-06	12.76
11-Apr-06	13
10-Apr-06	12.19
7-Apr-06	12.26
6-Apr-06	11.45
5-Apr-06	11.13
4-Apr-06	11.14
3-Apr-06	11.57
31-Mar-06	11.39
30-Mar-06	11.57
29-Mar-06	10.95
28-Mar-06	11.58
27-Mar-06	11.46
24-Mar-06	11.19
23-Mar-06	11.17
22-Mar-06	11.21
21-Mar-06	11.62
20-Mar-06	11.79
17-Mar-06	12.12
16-Mar-06	11.98
15-Mar-06	11.35
14-Mar-06	10.74
13-Mar-06	11.37
10-Mar-06	11.85
9-Mar-06	12.68
8-Mar-06	12.32
7-Mar-06	12.66
6-Mar-06	12.74
3-Mar-06	11.96
2-Mar-06	11.72
1-Mar-06	11.54
28-Feb-06	12.34
27-Feb-06	11.59
24-Feb-06	11.46
23-Feb-06	11.87
22-Feb-06	11.88
21-Feb-06	12.41
17-Feb-06	12.01
16-Feb-06	11.48
15-Feb-06	12.31
14-Feb-06	12.25
13-Feb-06	13.35
10-Feb-06	12.87
9-Feb-06	13.12
8-Feb-06	12.83
7-Feb-06	13.59
6-Feb-06	13.04
3-Feb-06	12.96
2-Feb-06	13.23
1-Feb-06	12.36
31-Jan-06	12.95
30-Jan-06	12.39
27-Jan-06	11.97
26-Jan-06	12.42
25-Jan-06	12.87
24-Jan-06	13.31
23-Jan-06	13.93
20-Jan-06	14.56
19-Jan-06	11.98
18-Jan-06	12.25
17-Jan-06	11.91
13-Jan-06	11.23
12-Jan-06	11.2
11-Jan-06	10.94
10-Jan-06	10.86
9-Jan-06	11.13
6-Jan-06	11
5-Jan-06	11.31
4-Jan-06	11.37
3-Jan-06	11.14
30-Dec-05	12.07
29-Dec-05	11.61
28-Dec-05	11.35
27-Dec-05	11.57
23-Dec-05	10.27
22-Dec-05	10.29
21-Dec-05	10.81
20-Dec-05	11.19
19-Dec-05	11.38
16-Dec-05	10.68
15-Dec-05	10.73
14-Dec-05	10.48
13-Dec-05	11.11
12-Dec-05	11.47
9-Dec-05	11.69
8-Dec-05	12.21
7-Dec-05	12.18
6-Dec-05	11.52
5-Dec-05	11.6
2-Dec-05	11.01
1-Dec-05	11.24
30-Nov-05	12.06
29-Nov-05	11.89
28-Nov-05	11.84
25-Nov-05	10.88
23-Nov-05	10.96
22-Nov-05	10.6
21-Nov-05	10.82
18-Nov-05	11.12
17-Nov-05	11.25
16-Nov-05	12.26
15-Nov-05	12.23
14-Nov-05	12.18
11-Nov-05	11.63
10-Nov-05	11.9
9-Nov-05	12.8
8-Nov-05	13.08
7-Nov-05	13.1
4-Nov-05	13.17
3-Nov-05	13
2-Nov-05	13.48
1-Nov-05	14.85
31-Oct-05	15.32
28-Oct-05	14.25
27-Oct-05	16.02
26-Oct-05	14.59
25-Oct-05	14.53
24-Oct-05	14.74
21-Oct-05	16.13
20-Oct-05	16.11
19-Oct-05	13.5
18-Oct-05	15.33
17-Oct-05	14.67
14-Oct-05	14.87
13-Oct-05	16.47
12-Oct-05	16.22
11-Oct-05	15.63
10-Oct-05	15.55
7-Oct-05	14.59
6-Oct-05	14.96
5-Oct-05	14.55
4-Oct-05	13.2
3-Oct-05	12.46
30-Sep-05	11.92
29-Sep-05	12.24
28-Sep-05	12.63
27-Sep-05	12.76
26-Sep-05	13.04
23-Sep-05	12.96
22-Sep-05	13.33
21-Sep-05	13.79
20-Sep-05	12.64
19-Sep-05	12.14
16-Sep-05	11.22
15-Sep-05	12.49
14-Sep-05	12.91
13-Sep-05	12.39
12-Sep-05	11.65
9-Sep-05	11.98
8-Sep-05	12.93
7-Sep-05	12.52
6-Sep-05	12.93
2-Sep-05	13.57
1-Sep-05	13.15
31-Aug-05	12.6
30-Aug-05	13.65
29-Aug-05	13.52
26-Aug-05	13.72
25-Aug-05	13.73
24-Aug-05	14.17
23-Aug-05	13.34
22-Aug-05	13.42
19-Aug-05	13.42
18-Aug-05	13.42
17-Aug-05	13.3
16-Aug-05	13.52
15-Aug-05	12.26
12-Aug-05	12.74
11-Aug-05	12.42
10-Aug-05	12.38
9-Aug-05	12.4
8-Aug-05	13.21
5-Aug-05	12.48
4-Aug-05	12.52
3-Aug-05	11.83
2-Aug-05	11.75
1-Aug-05	12.08
29-Jul-05	11.57
28-Jul-05	10.52
27-Jul-05	10.36
26-Jul-05	10.99
25-Jul-05	11.1
22-Jul-05	10.52
21-Jul-05	10.97
20-Jul-05	10.23
19-Jul-05	10.45
18-Jul-05	10.77
15-Jul-05	10.33
14-Jul-05	10.81
13-Jul-05	10.84
12-Jul-05	10.95
11-Jul-05	11.28
8-Jul-05	11.45
7-Jul-05	12.49
6-Jul-05	12.27
5-Jul-05	11.68
1-Jul-05	11.4
30-Jun-05	12.04
29-Jun-05	11.77
28-Jun-05	11.58
27-Jun-05	12.52
24-Jun-05	12.18
23-Jun-05	12.13
22-Jun-05	11.05
21-Jun-05	11.08
20-Jun-05	11.47
17-Jun-05	11.48
16-Jun-05	11.15
15-Jun-05	11.46
14-Jun-05	11.79
13-Jun-05	11.65
10-Jun-05	11.96
9-Jun-05	12.08
8-Jun-05	12.7
7-Jun-05	12.39
6-Jun-05	12.28
3-Jun-05	12.15
2-Jun-05	11.84
1-Jun-05	12.36
31-May-05	13.29
27-May-05	12.15
26-May-05	12.24
25-May-05	12.58
24-May-05	12.69
23-May-05	12.95
20-May-05	13.14
19-May-05	13.32
18-May-05	13.63
17-May-05	14.57
16-May-05	15.68
13-May-05	16.32
12-May-05	16.12
11-May-05	14.45
10-May-05	14.91
9-May-05	13.75
6-May-05	14.05
5-May-05	13.98
4-May-05	13.85
3-May-05	14.53
2-May-05	15.12
29-Apr-05	15.31
28-Apr-05	16.86
27-Apr-05	14.87
26-Apr-05	14.91
25-Apr-05	14.62
22-Apr-05	15.38
21-Apr-05	14.41
20-Apr-05	16.92
19-Apr-05	14.96
18-Apr-05	16.56
15-Apr-05	17.74
14-Apr-05	14.53
13-Apr-05	13.31
12-Apr-05	11.3
11-Apr-05	11.98
8-Apr-05	12.62
7-Apr-05	12.33
6-Apr-05	13.15
5-Apr-05	13.68
4-Apr-05	14.11
1-Apr-05	14.09
31-Mar-05	14.02
30-Mar-05	13.64
29-Mar-05	14.49
28-Mar-05	13.75
24-Mar-05	13.42
23-Mar-05	14.06
22-Mar-05	14.27
21-Mar-05	13.61
18-Mar-05	13.14
17-Mar-05	13.29
16-Mar-05	13.49
15-Mar-05	13.15
14-Mar-05	12.39
11-Mar-05	12.8
10-Mar-05	12.49
9-Mar-05	12.7
8-Mar-05	12.4
7-Mar-05	12.26
4-Mar-05	11.94
3-Mar-05	12.93
2-Mar-05	12.5
1-Mar-05	12.04
28-Feb-05	12.08
25-Feb-05	11.49
24-Feb-05	11.57
23-Feb-05	12.39
22-Feb-05	13.14
18-Feb-05	11.18
17-Feb-05	11.77
16-Feb-05	11.1
15-Feb-05	11.27
14-Feb-05	11.52
11-Feb-05	11.43
10-Feb-05	11.51
9-Feb-05	12
8-Feb-05	11.6
7-Feb-05	11.73
4-Feb-05	11.21
3-Feb-05	11.79
2-Feb-05	11.66
1-Feb-05	12.03
31-Jan-05	12.82
28-Jan-05	13.24
27-Jan-05	13.24
26-Jan-05	13.44
25-Jan-05	14.06
24-Jan-05	14.65
21-Jan-05	14.36
20-Jan-05	13.83
19-Jan-05	13.18
18-Jan-05	12.47
14-Jan-05	12.43
13-Jan-05	12.84
12-Jan-05	12.56
11-Jan-05	13.19
10-Jan-05	13.23
7-Jan-05	13.49
6-Jan-05	13.58
5-Jan-05	14.09
4-Jan-05	13.98
3-Jan-05	14.08
31-Dec-04	13.29
30-Dec-04	12.56
29-Dec-04	11.62
28-Dec-04	12
27-Dec-04	12.14
23-Dec-04	11.23
22-Dec-04	11.45
21-Dec-04	11.55
20-Dec-04	11.83
17-Dec-04	11.95
16-Dec-04	12.27
15-Dec-04	12.35
14-Dec-04	12.73
13-Dec-04	12.54
10-Dec-04	12.76
9-Dec-04	12.88
8-Dec-04	13.19
7-Dec-04	13.67
6-Dec-04	13.19
3-Dec-04	12.96
2-Dec-04	12.98
1-Dec-04	12.97
30-Nov-04	13.24
29-Nov-04	13.3
26-Nov-04	12.78
24-Nov-04	12.72
23-Nov-04	12.67
22-Nov-04	12.97
19-Nov-04	13.5
18-Nov-04	12.98
17-Nov-04	13.21
16-Nov-04	13.21
15-Nov-04	13.38
12-Nov-04	13.33
11-Nov-04	13.04
10-Nov-04	13.08
9-Nov-04	13.61
8-Nov-04	13.8
5-Nov-04	13.84
4-Nov-04	13.97
3-Nov-04	14.04
2-Nov-04	16.18
1-Nov-04	16.27
29-Oct-04	16.27
28-Oct-04	15.39
27-Oct-04	15.72
26-Oct-04	16.39
25-Oct-04	16.58
22-Oct-04	15.28
21-Oct-04	14.54
20-Oct-04	14.85
19-Oct-04	15.13
18-Oct-04	14.71
15-Oct-04	15.04
14-Oct-04	16.43
13-Oct-04	15.42
12-Oct-04	15.05
11-Oct-04	14.71
8-Oct-04	15.05
7-Oct-04	14.5
6-Oct-04	13.28
5-Oct-04	13.95
4-Oct-04	13.41
1-Oct-04	12.75
30-Sep-04	13.34
29-Sep-04	13.21
28-Sep-04	13.83
27-Sep-04	14.62
24-Sep-04	14.28
23-Sep-04	14.8
22-Sep-04	14.74
21-Sep-04	13.66
20-Sep-04	14.43
17-Sep-04	14.03
16-Sep-04	14.39
15-Sep-04	14.64
14-Sep-04	13.56
13-Sep-04	13.17
10-Sep-04	13.76
9-Sep-04	14.01
8-Sep-04	14.06
7-Sep-04	14.07
3-Sep-04	13.91
2-Sep-04	14.28
1-Sep-04	14.91
31-Aug-04	15.29
30-Aug-04	15.44
27-Aug-04	14.71
26-Aug-04	14.91
25-Aug-04	14.98
24-Aug-04	15.33
23-Aug-04	15.88
20-Aug-04	16
19-Aug-04	16.96
18-Aug-04	16.23
17-Aug-04	17.02
16-Aug-04	17.57
13-Aug-04	17.98
12-Aug-04	19.08
11-Aug-04	18.04
10-Aug-04	17.47
9-Aug-04	18.89
6-Aug-04	19.34
5-Aug-04	18.32
4-Aug-04	16.21
3-Aug-04	16.03
2-Aug-04	15.37
30-Jul-04	15.32
29-Jul-04	15.68
28-Jul-04	16.15
27-Jul-04	16.55
26-Jul-04	17.3
23-Jul-04	16.5
22-Jul-04	15.75
21-Jul-04	16.41
20-Jul-04	14.17
19-Jul-04	15.17
16-Jul-04	14.34
15-Jul-04	14.71
14-Jul-04	13.76
13-Jul-04	14.46
12-Jul-04	14.96
9-Jul-04	15.78
8-Jul-04	16.2
7-Jul-04	15.81
6-Jul-04	16.25
2-Jul-04	15.08
1-Jul-04	15.2
30-Jun-04	14.34
29-Jun-04	15.47
28-Jun-04	16.07
25-Jun-04	15.19
24-Jun-04	14.81
23-Jun-04	13.98
22-Jun-04	14.31
21-Jun-04	15.26
18-Jun-04	14.99
17-Jun-04	15.15
16-Jun-04	14.79
15-Jun-04	15.05
14-Jun-04	16.07
10-Jun-04	15.04
9-Jun-04	15.39
8-Jun-04	15.01
7-Jun-04	15.39
4-Jun-04	16.78
3-Jun-04	17.03
2-Jun-04	16.08
1-Jun-04	16.3
28-May-04	15.5
27-May-04	15.28
26-May-04	15.97
25-May-04	15.96
24-May-04	18.08
21-May-04	18.49
20-May-04	18.67
19-May-04	18.93
18-May-04	19.33
17-May-04	19.96
14-May-04	18.47
13-May-04	18.86
12-May-04	18.14
11-May-04	18.57
10-May-04	19.77
7-May-04	18.13
6-May-04	17.05
5-May-04	15.77
4-May-04	16.55
3-May-04	16.62
30-Apr-04	17.19
29-Apr-04	16.6
28-Apr-04	16.29
27-Apr-04	15.07
26-Apr-04	14.77
23-Apr-04	14.01
22-Apr-04	14.61
21-Apr-04	15.6
20-Apr-04	16.67
19-Apr-04	15.42
16-Apr-04	14.94
15-Apr-04	15.74
14-Apr-04	15.62
13-Apr-04	17.26
12-Apr-04	15.28
8-Apr-04	16.26
7-Apr-04	15.76
6-Apr-04	15.32
5-Apr-04	14.97
2-Apr-04	15.64
1-Apr-04	16.65
31-Mar-04	16.74
30-Mar-04	16.28
29-Mar-04	16.5
26-Mar-04	17.33
25-Mar-04	17.88
24-Mar-04	19.81
23-Mar-04	20.67
22-Mar-04	21.58
19-Mar-04	19.15
18-Mar-04	18.53
17-Mar-04	18.11
16-Mar-04	20.34
15-Mar-04	21.13
12-Mar-04	18.3
11-Mar-04	20.67
10-Mar-04	18.67
9-Mar-04	16.6
8-Mar-04	15.79
5-Mar-04	14.48
4-Mar-04	14.4
3-Mar-04	14.55
2-Mar-04	14.86
1-Mar-04	14.44
27-Feb-04	14.55
26-Feb-04	14.83
25-Feb-04	14.93
24-Feb-04	15.9
23-Feb-04	16.29
20-Feb-04	16.04
19-Feb-04	15.8
18-Feb-04	15.59
17-Feb-04	15.4
13-Feb-04	15.58
12-Feb-04	15.31
11-Feb-04	15.39
10-Feb-04	15.94
9-Feb-04	16.39
6-Feb-04	16
5-Feb-04	17.71
4-Feb-04	17.87
3-Feb-04	17.34
2-Feb-04	17.11
30-Jan-04	16.63
29-Jan-04	17.14
28-Jan-04	16.78
27-Jan-04	15.35
26-Jan-04	14.55
23-Jan-04	14.84
22-Jan-04	14.71
21-Jan-04	14.34
20-Jan-04	15.21
16-Jan-04	15
15-Jan-04	15.56
14-Jan-04	16.75
13-Jan-04	18.04
12-Jan-04	16.82
9-Jan-04	16.75
8-Jan-04	15.61
7-Jan-04	15.5
6-Jan-04	16.73
5-Jan-04	17.49
2-Jan-04	18.22
31-Dec-03	18.31
30-Dec-03	17.68
29-Dec-03	17.09
26-Dec-03	17.45
24-Dec-03	16.66
23-Dec-03	16.49
22-Dec-03	16.94
19-Dec-03	16.42
18-Dec-03	16.16
17-Dec-03	15.58
16-Dec-03	15.93
15-Dec-03	17.23
12-Dec-03	16.41
11-Dec-03	16.73
10-Dec-03	17.87
9-Dec-03	17.63
8-Dec-03	16.54
5-Dec-03	17.09
4-Dec-03	16.3
3-Dec-03	16.63
2-Dec-03	16.27
1-Dec-03	16.77
28-Nov-03	16.32
26-Nov-03	16.23
25-Nov-03	16.71
24-Nov-03	17.44
21-Nov-03	18.98
20-Nov-03	19.48
19-Nov-03	18.8
18-Nov-03	19.11
17-Nov-03	18.6
14-Nov-03	16.94
13-Nov-03	16.47
12-Nov-03	16.75
11-Nov-03	17.54
10-Nov-03	17.62
7-Nov-03	16.93
6-Nov-03	16.74
5-Nov-03	16.86
4-Nov-03	16.55
3-Nov-03	16.55
31-Oct-03	16.1
30-Oct-03	16.33
29-Oct-03	16.43
28-Oct-03	16.82
27-Oct-03	18.05
24-Oct-03	17.71
23-Oct-03	17.68
22-Oct-03	17.67
21-Oct-03	16.55
20-Oct-03	17.04
17-Oct-03	17.62
16-Oct-03	17.19
15-Oct-03	17.69
14-Oct-03	17.37
13-Oct-03	17.55
10-Oct-03	18.45
9-Oct-03	18.82
8-Oct-03	19.18
7-Oct-03	19.41
6-Oct-03	19.51
3-Oct-03	19.5
2-Oct-03	20.8
1-Oct-03	21.07
30-Sep-03	22.72
29-Sep-03	21.67
26-Sep-03	22.23
25-Sep-03	22.26
24-Sep-03	21.22
23-Sep-03	19.47
22-Sep-03	19.65
19-Sep-03	17.54
18-Sep-03	17.57
17-Sep-03	18.15
16-Sep-03	18.03
15-Sep-03	19.28
12-Sep-03	18.68
11-Sep-03	19.25
10-Sep-03	20.01
9-Sep-03	18.85
8-Sep-03	18.26
5-Sep-03	18.17
4-Sep-03	18.71
3-Sep-03	19.44
2-Sep-03	19.02
29-Aug-03	18.63
28-Aug-03	18.48
27-Aug-03	19.13
26-Aug-03	19.49
25-Aug-03	19.53
22-Aug-03	18.55
21-Aug-03	17.84
20-Aug-03	17.82
19-Aug-03	17.86
18-Aug-03	18.18
15-Aug-03	18.27
14-Aug-03	18.47
13-Aug-03	18.77
12-Aug-03	17.94
11-Aug-03	19.75
8-Aug-03	19.59
7-Aug-03	20.26
6-Aug-03	21.5
5-Aug-03	22.68
4-Aug-03	21.27
1-Aug-03	20.75
31-Jul-03	19.49
30-Jul-03	18.85
29-Jul-03	18.67
28-Jul-03	18.36
25-Jul-03	17.75
24-Jul-03	18.6
23-Jul-03	18.64
22-Jul-03	19.17
21-Jul-03	19.78
18-Jul-03	19.11
17-Jul-03	20.22
16-Jul-03	19.76
15-Jul-03	19.55
14-Jul-03	19.59
11-Jul-03	18.47
10-Jul-03	19.19
9-Jul-03	18.93
8-Jul-03	19.48
7-Jul-03	20.06
3-Jul-03	19.39
2-Jul-03	19.03
1-Jul-03	19.46
30-Jun-03	19.52
27-Jun-03	19.16
26-Jun-03	19.4
25-Jun-03	20.81
24-Jun-03	20.75
23-Jun-03	20.58
20-Jun-03	19.14
19-Jun-03	19.8
18-Jun-03	19.76
17-Jun-03	20.01
16-Jun-03	20.22
13-Jun-03	20.66
12-Jun-03	20.41
11-Jun-03	20.21
10-Jun-03	20.64
9-Jun-03	22.15
6-Jun-03	21.25
5-Jun-03	20.83
4-Jun-03	20.62
3-Jun-03	20.84
2-Jun-03	20.85
30-May-03	19.47
29-May-03	20.43
28-May-03	20.03
27-May-03	19.99
23-May-03	19.17
22-May-03	19.78
21-May-03	21.21
20-May-03	21.29
19-May-03	20.51
16-May-03	18.4
15-May-03	19.24
14-May-03	20
13-May-03	19.91
12-May-03	19.52
9-May-03	19.69
8-May-03	21.24
7-May-03	21
6-May-03	20.8
5-May-03	21.13
2-May-03	20.63
1-May-03	21.59
30-Apr-03	21.21
29-Apr-03	20.76
28-Apr-03	20.84
25-Apr-03	20.8
24-Apr-03	20.33
23-Apr-03	20.8
22-Apr-03	20.7
21-Apr-03	21.95
17-Apr-03	21.5
16-Apr-03	22.52
15-Apr-03	22.56
14-Apr-03	23.41
11-Apr-03	24.44
10-Apr-03	25.6
9-Apr-03	27.11
8-Apr-03	27.13
7-Apr-03	28.45
4-Apr-03	29.13
3-Apr-03	28.21
2-Apr-03	28.02
1-Apr-03	28.36
31-Mar-03	29.15
28-Mar-03	27.75
27-Mar-03	27.96
26-Mar-03	28.23
25-Mar-03	28.75
24-Mar-03	30.39
21-Mar-03	28.67
20-Mar-03	30.44
19-Mar-03	31.54
18-Mar-03	30.43
17-Mar-03	31.75
14-Mar-03	30.98
13-Mar-03	31.76
12-Mar-03	33.51
11-Mar-03	33.61
10-Mar-03	33.31
7-Mar-03	31.08
6-Mar-03	31.37
5-Mar-03	30.38
4-Mar-03	31.83
3-Mar-03	30.43
28-Feb-03	29.63
27-Feb-03	30.53
26-Feb-03	31.94
25-Feb-03	31.74
24-Feb-03	31.98
21-Feb-03	30.25
20-Feb-03	31.16
19-Feb-03	31.31
18-Feb-03	31.11
14-Feb-03	32.62
13-Feb-03	33.7
12-Feb-03	34.33
11-Feb-03	33.68
10-Feb-03	33.99
7-Feb-03	34.01
6-Feb-03	33.35
5-Feb-03	33.04
4-Feb-03	32.76
3-Feb-03	31.02
31-Jan-03	31.17
30-Jan-03	31.32
29-Jan-03	31.26
28-Jan-03	31.93
27-Jan-03	34.69
24-Jan-03	31.51
23-Jan-03	27.53
22-Jan-03	29.01
21-Jan-03	27.59
17-Jan-03	25.7
16-Jan-03	25.01
15-Jan-03	25.51
14-Jan-03	24.57
13-Jan-03	24.9
10-Jan-03	24.32
9-Jan-03	24.25
8-Jan-03	25.53
7-Jan-03	25.13
6-Jan-03	24.91
3-Jan-03	24.68
2-Jan-03	25.39
31-Dec-02	28.62
30-Dec-02	29.62
27-Dec-02	29.55
26-Dec-02	27.37
24-Dec-02	26.49
23-Dec-02	26.2
20-Dec-02	26.71
19-Dec-02	30.21
18-Dec-02	28.29
17-Dec-02	26.66
16-Dec-02	26.24
13-Dec-02	28.18
12-Dec-02	27.29
11-Dec-02	27.76
10-Dec-02	28.76
9-Dec-02	30.78
6-Dec-02	28.88
5-Dec-02	30.1
4-Dec-02	28.92
3-Dec-02	28.33
2-Dec-02	27.46
29-Nov-02	27.5
27-Nov-02	27.25
26-Nov-02	25.97
25-Nov-02	24.07
22-Nov-02	23.16
21-Nov-02	23.81
20-Nov-02	25.32
19-Nov-02	27.41
18-Nov-02	27.66
15-Nov-02	26.65
14-Nov-02	28.67
13-Nov-02	31.24
12-Nov-02	30.58
11-Nov-02	31.3
8-Nov-02	29.41
7-Nov-02	31.42
6-Nov-02	30.73
5-Nov-02	31.23
4-Nov-02	30.82
1-Nov-02	29.3
31-Oct-02	31.14
30-Oct-02	31.23
29-Oct-02	32.27
28-Oct-02	31.07
25-Oct-02	30
24-Oct-02	34.03
23-Oct-02	33.2
22-Oct-02	34.09
21-Oct-02	33.11
18-Oct-02	33.53
17-Oct-02	34.1
16-Oct-02	36
15-Oct-02	34.02
14-Oct-02	36.04
11-Oct-02	35.7
10-Oct-02	37.55
9-Oct-02	42.13
8-Oct-02	41.02
7-Oct-02	42.64
4-Oct-02	39.46
3-Oct-02	37.31
2-Oct-02	36.83
1-Oct-02	34.12
30-Sep-02	39.69
27-Sep-02	36.97
26-Sep-02	34.6
25-Sep-02	37.33
24-Sep-02	40.52
23-Sep-02	39.68
20-Sep-02	38.98
19-Sep-02	40.65
18-Sep-02	37.52
17-Sep-02	38.01
16-Sep-02	36.74
13-Sep-02	35.82
12-Sep-02	37.5
11-Sep-02	34.81
10-Sep-02	35.08
9-Sep-02	36.45
6-Sep-02	36.33
5-Sep-02	38.86
4-Sep-02	37.44
3-Sep-02	39.97
30-Aug-02	32.64
29-Aug-02	33.67
28-Aug-02	33.32
27-Aug-02	30.11
26-Aug-02	29.89
23-Aug-02	29.32
22-Aug-02	27.75
21-Aug-02	28.23
20-Aug-02	29.59
19-Aug-02	28.61
16-Aug-02	28.81
15-Aug-02	29.43
14-Aug-02	32.36
13-Aug-02	35.82
12-Aug-02	37.05
9-Aug-02	35.33
8-Aug-02	36.33
7-Aug-02	38.73
6-Aug-02	42.03
5-Aug-02	45.08
2-Aug-02	41.29
1-Aug-02	36.95
31-Jul-02	32.03
30-Jul-02	31.92
29-Jul-02	31.33
26-Jul-02	35.51
25-Jul-02	39.27
24-Jul-02	39.86
23-Jul-02	44.92
22-Jul-02	41.87
19-Jul-02	38.17
18-Jul-02	35.12
17-Jul-02	35.45
16-Jul-02	36.65
15-Jul-02	35.03
12-Jul-02	32.94
11-Jul-02	33.85
10-Jul-02	34.1
9-Jul-02	30.22
8-Jul-02	28.25
5-Jul-02	27.11
3-Jul-02	29.42
2-Jul-02	28.96
1-Jul-02	27.11
28-Jun-02	25.4
27-Jun-02	26.29
26-Jun-02	28.42
25-Jun-02	27.84
24-Jun-02	26.98
21-Jun-02	27.23
20-Jun-02	27.48
19-Jun-02	26.06
18-Jun-02	24.24
17-Jun-02	24.64
14-Jun-02	25.96
13-Jun-02	25.02
12-Jun-02	24.15
11-Jun-02	24.45
10-Jun-02	23.72
7-Jun-02	23.51
6-Jun-02	24.16
5-Jun-02	22.61
4-Jun-02	23.89
3-Jun-02	23.37
31-May-02	19.98
30-May-02	20.61
29-May-02	20.39
28-May-02	20.31
24-May-02	18.9
23-May-02	18.23
22-May-02	19.58
21-May-02	20.05
20-May-02	19.24
17-May-02	17.7
16-May-02	18.5
15-May-02	19.19
14-May-02	19.35
13-May-02	20.72
10-May-02	22.41
9-May-02	21.56
8-May-02	20.39
7-May-02	21.94
6-May-02	22.56
3-May-02	20.19
2-May-02	20.07
1-May-02	20.06
30-Apr-02	21.91
29-Apr-02	24.05
26-Apr-02	22.14
25-Apr-02	20.95
24-Apr-02	20.77
23-Apr-02	20.28
22-Apr-02	19.77
19-Apr-02	18.3
18-Apr-02	19.29
17-Apr-02	18.43
16-Apr-02	18.11
15-Apr-02	19.82
12-Apr-02	19.42
11-Apr-02	20.3
10-Apr-02	18.19
9-Apr-02	19.47
8-Apr-02	19.61
5-Apr-02	19.13
4-Apr-02	19.78
3-Apr-02	20.2
2-Apr-02	19.16
1-Apr-02	18.73
28-Mar-02	17.4
27-Mar-02	17.7
26-Mar-02	18.13
25-Mar-02	18.48
22-Mar-02	17.77
21-Mar-02	18.15
20-Mar-02	18.46
19-Mar-02	18.16
18-Mar-02	18.93
15-Mar-02	18.42
14-Mar-02	19.2
13-Mar-02	19.46
12-Mar-02	19.59
11-Mar-02	19.84
8-Mar-02	19.27
7-Mar-02	20.04
6-Mar-02	19.94
5-Mar-02	20.3
4-Mar-02	20.5
1-Mar-02	19.96
28-Feb-02	21.59
27-Feb-02	21.49
26-Feb-02	21.68
25-Feb-02	21.84
22-Feb-02	22.86
21-Feb-02	23.8
20-Feb-02	22.66
19-Feb-02	24.43
15-Feb-02	22.37
14-Feb-02	21.77
13-Feb-02	20.85
12-Feb-02	21.62
11-Feb-02	21.78
8-Feb-02	23.26
7-Feb-02	25.11
6-Feb-02	26.09
5-Feb-02	25.45
4-Feb-02	24.87
1-Feb-02	21.12
31-Jan-02	21.09
30-Jan-02	23.22
29-Jan-02	24.35
28-Jan-02	21.14
25-Jan-02	21.01
24-Jan-02	21.15
23-Jan-02	21.88
22-Jan-02	23.61
18-Jan-02	22.52
17-Jan-02	22.25
16-Jan-02	23.45
15-Jan-02	22.7
14-Jan-02	23.58
11-Jan-02	22.6
10-Jan-02	22.36
9-Jan-02	22.13
8-Jan-02	21.83
7-Jan-02	21.94
4-Jan-02	20.45
3-Jan-02	21.34
2-Jan-02	22.71
31-Dec-01	23.8
28-Dec-01	21.4
27-Dec-01	21.59
26-Dec-01	22.29
24-Dec-01	22.62
21-Dec-01	22.5
20-Dec-01	23.67
19-Dec-01	22.58
18-Dec-01	23.29
17-Dec-01	24.26
14-Dec-01	24.63
13-Dec-01	25.91
12-Dec-01	24.87
11-Dec-01	25.3
10-Dec-01	25.62
7-Dec-01	23.49
6-Dec-01	23.71
5-Dec-01	23.02
4-Dec-01	24.08
3-Dec-01	25.77
30-Nov-01	23.84
29-Nov-01	25.18
28-Nov-01	25.9
27-Nov-01	24
26-Nov-01	23.79
23-Nov-01	23.25
21-Nov-01	24.19
20-Nov-01	24.12
19-Nov-01	24.46
16-Nov-01	25.07
15-Nov-01	25.56
14-Nov-01	26.56
13-Nov-01	26.47
12-Nov-01	29.35
9-Nov-01	27.44
8-Nov-01	28.62
7-Nov-01	29.13
6-Nov-01	28.8
5-Nov-01	30.5
2-Nov-01	30.71
1-Nov-01	32.31
31-Oct-01	33.56
30-Oct-01	33.46
29-Oct-01	31.64
26-Oct-01	28.42
25-Oct-01	29.46
24-Oct-01	30.95
23-Oct-01	32
22-Oct-01	32.25
19-Oct-01	34.11
18-Oct-01	34.95
17-Oct-01	35.08
16-Oct-01	32.88
15-Oct-01	35.31
12-Oct-01	35.27
11-Oct-01	31.5
10-Oct-01	31.6
9-Oct-01	34.83
8-Oct-01	35.12
5-Oct-01	33.39
4-Oct-01	31.97
3-Oct-01	31.34
2-Oct-01	31.18
1-Oct-01	32.32
28-Sep-01	31.93
27-Sep-01	34
26-Sep-01	35.26
25-Sep-01	35.81
24-Sep-01	37.75
21-Sep-01	42.66
20-Sep-01	43.74
19-Sep-01	40.56
18-Sep-01	38.87
17-Sep-01	41.76
10-Sep-01	31.84
7-Sep-01	30.99
6-Sep-01	28.61
5-Sep-01	26.35
4-Sep-01	25.85
31-Aug-01	24.92
30-Aug-01	25.41
29-Aug-01	23.03
28-Aug-01	22
27-Aug-01	20.56
24-Aug-01	19.71
23-Aug-01	22.23
22-Aug-01	22.44
21-Aug-01	24.4
20-Aug-01	22.87
17-Aug-01	23.84
16-Aug-01	21.54
15-Aug-01	20.91
14-Aug-01	20.48
13-Aug-01	20.42
10-Aug-01	20.55
9-Aug-01	21.75
8-Aug-01	22.32
7-Aug-01	21.01
6-Aug-01	21.89
3-Aug-01	19.89
2-Aug-01	20.09
1-Aug-01	20.56
31-Jul-01	21.62
30-Jul-01	22.69
27-Jul-01	22
26-Jul-01	23.01
25-Jul-01	24
24-Jul-01	25.24
23-Jul-01	23.74
20-Jul-01	22.34
19-Jul-01	22.51
18-Jul-01	23.6
17-Jul-01	22.61
16-Jul-01	22.91
13-Jul-01	21.14
12-Jul-01	22.09
11-Jul-01	24.01
10-Jul-01	23.25
9-Jul-01	22.48
6-Jul-01	21.63
5-Jul-01	20.09
3-Jul-01	18.92
2-Jul-01	18.76
29-Jun-01	19.06
28-Jun-01	20.01
27-Jun-01	20.88
26-Jun-01	21.2
25-Jun-01	20.67
22-Jun-01	20.02
21-Jun-01	19.38
20-Jun-01	21.71
19-Jun-01	22.34
18-Jun-01	23.17
15-Jun-01	22.81
14-Jun-01	23.12
13-Jun-01	21.45
12-Jun-01	20.7
11-Jun-01	20.7
8-Jun-01	19.92
7-Jun-01	19.67
6-Jun-01	20.39
5-Jun-01	19.58
4-Jun-01	21.38
1-Jun-01	21.59
31-May-01	22.64
30-May-01	22.76
29-May-01	22.14
25-May-01	20.6
24-May-01	20.57
23-May-01	22.08
22-May-01	21.35
21-May-01	20.76
18-May-01	21.23
17-May-01	21.47
16-May-01	21.89
15-May-01	23.71
14-May-01	24.26
11-May-01	23.54
10-May-01	24
9-May-01	24.35
8-May-01	24.44
7-May-01	24.86
4-May-01	23.91
3-May-01	25.78
2-May-01	24.23
1-May-01	24.2
30-Apr-01	25.48
27-Apr-01	24.02
26-Apr-01	25.96
25-Apr-01	27.4
24-Apr-01	28.49
23-Apr-01	28.16
20-Apr-01	25.38
19-Apr-01	24.16
18-Apr-01	24.13
17-Apr-01	25.61
16-Apr-01	26.33
12-Apr-01	26.12
11-Apr-01	28.46
10-Apr-01	29.44
9-Apr-01	31.91
6-Apr-01	31.69
5-Apr-01	29.94
4-Apr-01	34.07
3-Apr-01	34.72
2-Apr-01	31.21
30-Mar-01	28.64
29-Mar-01	29.17
28-Mar-01	28.58
27-Mar-01	27.04
26-Mar-01	29.04
23-Mar-01	30.45
22-Mar-01	32.84
21-Mar-01	31.93
20-Mar-01	30.96
19-Mar-01	29.78
16-Mar-01	29.91
15-Mar-01	28.56
14-Mar-01	29.61
13-Mar-01	27.55
12-Mar-01	30.32
9-Mar-01	25.62
8-Mar-01	24.29
7-Mar-01	24.12
6-Mar-01	25.89
5-Mar-01	27.12
2-Mar-01	27.43
1-Mar-01	28.08
28-Feb-01	28.35
27-Feb-01	26.49
26-Feb-01	25.43
23-Feb-01	27.21
22-Feb-01	26.76
21-Feb-01	25.75
20-Feb-01	24.69
16-Feb-01	22.12
15-Feb-01	20.27
14-Feb-01	21.52
13-Feb-01	21.37
12-Feb-01	21.92
9-Feb-01	22.03
8-Feb-01	21.46
7-Feb-01	21.67
6-Feb-01	21.98
5-Feb-01	22.19
2-Feb-01	21.95
1-Feb-01	21.66
31-Jan-01	22.02
30-Jan-01	22.57
29-Jan-01	22.61
26-Jan-01	22.57
25-Jan-01	22.64
24-Jan-01	22.03
23-Jan-01	21.57
22-Jan-01	23.25
19-Jan-01	23.24
18-Jan-01	23.37
17-Jan-01	24.93
16-Jan-01	25.28
12-Jan-01	24.56
11-Jan-01	25.79
10-Jan-01	26.8
9-Jan-01	27.99
8-Jan-01	29.84
5-Jan-01	28.67
4-Jan-01	26.97
3-Jan-01	26.6
2-Jan-01	29.99
29-Dec-00	26.85
28-Dec-00	26.57
27-Dec-00	28.14
26-Dec-00	28.73
22-Dec-00	27.55
21-Dec-00	29.66
20-Dec-00	31.74
19-Dec-00	27.17
18-Dec-00	27.7
15-Dec-00	26.55
14-Dec-00	24.86
13-Dec-00	23.63
12-Dec-00	24.88
11-Dec-00	23.51
8-Dec-00	22.41
7-Dec-00	25.34
6-Dec-00	25.07
5-Dec-00	24.99
4-Dec-00	27.78
1-Dec-00	27.48
30-Nov-00	29.65
29-Nov-00	27.49
28-Nov-00	27.64
27-Nov-00	26.93
24-Nov-00	26
22-Nov-00	27.71
21-Nov-00	26.62
20-Nov-00	27.43
17-Nov-00	24.81
16-Nov-00	25.05
15-Nov-00	26.15
14-Nov-00	26.81
13-Nov-00	29.06
10-Nov-00	28.53
9-Nov-00	27.2
8-Nov-00	25.66
7-Nov-00	24.91
6-Nov-00	24.52
3-Nov-00	23.67
2-Nov-00	23.92
1-Nov-00	24.28
31-Oct-00	23.63
30-Oct-00	25.46
27-Oct-00	26.47
26-Oct-00	28.62
25-Oct-00	26.65
24-Oct-00	24.28
23-Oct-00	24.69
20-Oct-00	24.24
19-Oct-00	25.09
18-Oct-00	28.72
17-Oct-00	27.84
16-Oct-00	26.79
13-Oct-00	27.6
12-Oct-00	30.51
11-Oct-00	26.57
10-Oct-00	24.86
9-Oct-00	24.02
6-Oct-00	22.71
5-Oct-00	21.03
4-Oct-00	21.54
3-Oct-00	21.85
2-Oct-00	21.23
29-Sep-00	20.57
28-Sep-00	19.47
27-Sep-00	21.67
26-Sep-00	21.88
25-Sep-00	21.41
22-Sep-00	20.74
21-Sep-00	20.18
20-Sep-00	19.93
19-Sep-00	19.54
18-Sep-00	20.25
15-Sep-00	18.52
14-Sep-00	18.26
13-Sep-00	18.32
12-Sep-00	18.59
11-Sep-00	18.4
8-Sep-00	18.46
7-Sep-00	19.42
6-Sep-00	20.79
5-Sep-00	19.82
1-Sep-00	17.53
31-Aug-00	16.84
30-Aug-00	17.69
29-Aug-00	16.89
28-Aug-00	16.54
25-Aug-00	16.53
24-Aug-00	17.04
23-Aug-00	17.38
22-Aug-00	17.47
21-Aug-00	17.35
18-Aug-00	17.05
17-Aug-00	17.48
16-Aug-00	18.02
15-Aug-00	17.98
14-Aug-00	17.88
11-Aug-00	18.55
10-Aug-00	19.19
9-Aug-00	19.18
8-Aug-00	18.79
7-Aug-00	19.03
4-Aug-00	18.62
3-Aug-00	19.99
2-Aug-00	20
1-Aug-00	20.55
31-Jul-00	20.74
28-Jul-00	20.84
27-Jul-00	19.6
26-Jul-00	19.67
25-Jul-00	19.39
24-Jul-00	19.92
21-Jul-00	18.94
20-Jul-00	18.94
19-Jul-00	19.65
18-Jul-00	19.75
17-Jul-00	19.45
14-Jul-00	19.32
13-Jul-00	20.03
12-Jul-00	20.03
11-Jul-00	20.11
10-Jul-00	20.33
7-Jul-00	19.22
6-Jul-00	20.94
5-Jul-00	21.16
3-Jul-00	19.83
30-Jun-00	19.54
29-Jun-00	19.7
28-Jun-00	20.29
27-Jun-00	21.8
26-Jun-00	22.45
23-Jun-00	22.34
22-Jun-00	22
21-Jun-00	20.61
20-Jun-00	20.88
19-Jun-00	20.63
16-Jun-00	20.5
15-Jun-00	20.68
14-Jun-00	21.48
13-Jun-00	21.67
12-Jun-00	22.32
9-Jun-00	22.14
8-Jun-00	22.77
7-Jun-00	22.48
6-Jun-00	23.05
5-Jun-00	22.71
2-Jun-00	21.48
1-Jun-00	22.36
31-May-00	23.65
30-May-00	23.62
26-May-00	24.47
25-May-00	24.58
24-May-00	24.32
23-May-00	25.87
22-May-00	26
19-May-00	25.44
18-May-00	23.96
17-May-00	23.98
16-May-00	24.34
15-May-00	24.86
12-May-00	26.05
11-May-00	27.76
10-May-00	29.87
9-May-00	28.93
8-May-00	28.2
5-May-00	27.53
4-May-00	30.77
3-May-00	31.63
2-May-00	28.5
1-May-00	25.88
28-Apr-00	26.2
27-Apr-00	26.19
26-Apr-00	26.97
25-Apr-00	25.24
24-Apr-00	27.37
20-Apr-00	25.85
19-Apr-00	27.02
18-Apr-00	26.12
17-Apr-00	28.95
14-Apr-00	33.49
13-Apr-00	29.4
12-Apr-00	28.98
11-Apr-00	27.25
10-Apr-00	25.99
7-Apr-00	24.39
6-Apr-00	27.15
5-Apr-00	28.41
4-Apr-00	27.12
3-Apr-00	24.03
31-Mar-00	24.11
30-Mar-00	25.47
29-Mar-00	24.1
28-Mar-00	24.86
27-Mar-00	24.53
24-Mar-00	23.31
23-Mar-00	22.26
22-Mar-00	21.49
21-Mar-00	21.7
20-Mar-00	22.96
17-Mar-00	22.37
16-Mar-00	20.77
15-Mar-00	22.34
14-Mar-00	24.41
13-Mar-00	22.85
10-Mar-00	21.24
9-Mar-00	22.21
8-Mar-00	23.82
7-Mar-00	24.31
6-Mar-00	21.5
3-Mar-00	19.21
2-Mar-00	21.06
1-Mar-00	21.64
29-Feb-00	23.37
28-Feb-00	24.68
25-Feb-00	25.2
24-Feb-00	24.38
23-Feb-00	23.89
22-Feb-00	25.86
18-Feb-00	26
17-Feb-00	23.17
16-Feb-00	23.51
15-Feb-00	22.92
14-Feb-00	24.38
11-Feb-00	24.42
10-Feb-00	23.07
9-Feb-00	22.9
8-Feb-00	21.25
7-Feb-00	22.79
4-Feb-00	21.54
3-Feb-00	22.01
2-Feb-00	23.12
1-Feb-00	23.45
31-Jan-00	24.95
28-Jan-00	26.14
27-Jan-00	23.54
26-Jan-00	23.03
25-Jan-00	23.02
24-Jan-00	24.07
21-Jan-00	20.82
20-Jan-00	21.75
19-Jan-00	21.72
18-Jan-00	21.5
14-Jan-00	19.66
13-Jan-00	21.71
12-Jan-00	22.84
11-Jan-00	22.5
10-Jan-00	21.71
7-Jan-00	21.72
6-Jan-00	25.73
5-Jan-00	26.41
4-Jan-00	27.01
3-Jan-00	24.21
31-Dec-99	24.64
30-Dec-99	24.76
29-Dec-99	23.09
28-Dec-99	22.97
27-Dec-99	23.07
23-Dec-99	21.12
22-Dec-99	22.43
21-Dec-99	22.66
20-Dec-99	23.78
17-Dec-99	21.35
16-Dec-99	21.91
15-Dec-99	22.03
14-Dec-99	23.06
13-Dec-99	21.72
10-Dec-99	21.48
9-Dec-99	21.19
8-Dec-99	21.25
7-Dec-99	21.09
6-Dec-99	20.58
3-Dec-99	19.32
2-Dec-99	21.77
1-Dec-99	22.23
30-Nov-99	24.18
29-Nov-99	23.57
26-Nov-99	22.33
24-Nov-99	20.26
23-Nov-99	21
22-Nov-99	19.98
19-Nov-99	19.11
18-Nov-99	19.76
17-Nov-99	20.96
16-Nov-99	20.73
15-Nov-99	22.74
12-Nov-99	21.65
11-Nov-99	22.07
10-Nov-99	22.26
9-Nov-99	22.7
8-Nov-99	21.87
5-Nov-99	21.66
4-Nov-99	23
3-Nov-99	23.16
2-Nov-99	23.1
1-Nov-99	22.09
29-Oct-99	22.2
28-Oct-99	21.34
27-Oct-99	24.2
26-Oct-99	24.26
25-Oct-99	23.6
22-Oct-99	21.64
21-Oct-99	24.02
20-Oct-99	23.9
19-Oct-99	26.56
18-Oct-99	28.19
15-Oct-99	28.75
14-Oct-99	26.05
13-Oct-99	25.96
12-Oct-99	22.84
11-Oct-99	20.63
8-Oct-99	20.49
7-Oct-99	23.58
6-Oct-99	22.06
5-Oct-99	24.79
4-Oct-99	24.46
1-Oct-99	24.93
30-Sep-99	25.41
29-Sep-99	26.49
28-Sep-99	26.06
27-Sep-99	26.4
24-Sep-99	27.79
23-Sep-99	27.84
22-Sep-99	25.19
21-Sep-99	25.65
20-Sep-99	24.03
17-Sep-99	23.3
16-Sep-99	25.25
15-Sep-99	24.56
14-Sep-99	23.77
13-Sep-99	22.89
10-Sep-99	22.03
9-Sep-99	23.01
8-Sep-99	23.82
7-Sep-99	23.44
3-Sep-99	20.98
2-Sep-99	24.53
1-Sep-99	22.93
31-Aug-99	24.45
30-Aug-99	24.63
27-Aug-99	21.83
26-Aug-99	21.21
25-Aug-99	20.96
24-Aug-99	22.4
23-Aug-99	22.55
20-Aug-99	22.95
19-Aug-99	24.39
18-Aug-99	23.3
17-Aug-99	21.67
16-Aug-99	23.07
13-Aug-99	22.31
12-Aug-99	25.03
11-Aug-99	25.39
10-Aug-99	28.45
9-Aug-99	27.66
6-Aug-99	26.6
5-Aug-99	27.01
4-Aug-99	27.4
3-Aug-99	26.27
2-Aug-99	25.59
30-Jul-99	24.64
29-Jul-99	24.52
28-Jul-99	22.85
27-Jul-99	23.23
26-Jul-99	24.98
23-Jul-99	23.32
22-Jul-99	23.05
21-Jul-99	21.46
20-Jul-99	21.79
19-Jul-99	19.07
16-Jul-99	17.42
15-Jul-99	18.68
14-Jul-99	19.71
13-Jul-99	19.95
12-Jul-99	19.73
9-Jul-99	17.96
8-Jul-99	20.24
7-Jul-99	20.35
6-Jul-99	20.73
2-Jul-99	18.66
1-Jul-99	19.69
30-Jun-99	21.09
29-Jun-99	22.51
28-Jun-99	22.63
25-Jun-99	21.76
24-Jun-99	23.06
23-Jun-99	21.32
22-Jun-99	21.7
21-Jun-99	21.81
18-Jun-99	21.75
17-Jun-99	21.95
16-Jun-99	22.4
15-Jun-99	25.91
14-Jun-99	26.51
11-Jun-99	25.9
10-Jun-99	25.32
9-Jun-99	23.9
8-Jun-99	24.02
7-Jun-99	23.78
4-Jun-99	23.43
3-Jun-99	26.2
2-Jun-99	26.21
1-Jun-99	26.62
28-May-99	25.39
27-May-99	28.12
26-May-99	27.57
25-May-99	28.9
24-May-99	27.62
21-May-99	24.4
20-May-99	24.46
19-May-99	25.08
18-May-99	27.26
17-May-99	27.28
14-May-99	26.86
13-May-99	25.02
12-May-99	26.13
11-May-99	25.62
10-May-99	26.62
7-May-99	25.36
6-May-99	27.44
5-May-99	25.19
4-May-99	25.62
3-May-99	24.15
30-Apr-99	25.07
29-Apr-99	25.06
28-Apr-99	24.4
27-Apr-99	23.36
26-Apr-99	23.53
23-Apr-99	22.76
22-Apr-99	22.62
21-Apr-99	23.31
20-Apr-99	25.02
19-Apr-99	26.42
16-Apr-99	23.9
15-Apr-99	23.93
14-Apr-99	24.94
13-Apr-99	22.73
12-Apr-99	21.93
9-Apr-99	21.77
8-Apr-99	22.59
7-Apr-99	22.81
6-Apr-99	22.65
5-Apr-99	22.19
1-Apr-99	22.06
31-Mar-99	23.26
30-Mar-99	22.73
29-Mar-99	23.54
26-Mar-99	24.04
25-Mar-99	24.33
24-Mar-99	26.6
23-Mar-99	27.27
22-Mar-99	25
19-Mar-99	24.32
18-Mar-99	24.13
17-Mar-99	25.57
16-Mar-99	25.15
15-Mar-99	25.24
12-Mar-99	24.84
11-Mar-99	24.37
10-Mar-99	24.79
9-Mar-99	25.02
8-Mar-99	24.54
5-Mar-99	24.08
4-Mar-99	26.67
3-Mar-99	29.04
2-Mar-99	29.22
1-Mar-99	28.37
26-Feb-99	27.88
25-Feb-99	28.01
24-Feb-99	27.21
23-Feb-99	26.49
22-Feb-99	25.87
19-Feb-99	29.3
18-Feb-99	30.45
17-Feb-99	30.65
16-Feb-99	29.65
12-Feb-99	29.76
11-Feb-99	27.42
10-Feb-99	30.45
9-Feb-99	31.36
8-Feb-99	30.27
5-Feb-99	29.67
4-Feb-99	29.48
3-Feb-99	27.88
2-Feb-99	28.16
1-Feb-99	27.67
29-Jan-99	26.25
28-Jan-99	28.11
27-Jan-99	29.73
26-Jan-99	29.23
25-Jan-99	31.13
22-Jan-99	31.95
21-Jan-99	30.92
20-Jan-99	28.6
19-Jan-99	29.24
15-Jan-99	29.24
14-Jan-99	32.98
13-Jan-99	30.11
12-Jan-99	28.1
11-Jan-99	25.46
8-Jan-99	23.28
7-Jan-99	24.37
6-Jan-99	23.34
5-Jan-99	24.46
4-Jan-99	26.17
31-Dec-98	24.42
30-Dec-98	23.34
29-Dec-98	22.18
28-Dec-98	23.5
24-Dec-98	21.48
23-Dec-98	20.21
22-Dec-98	22.78
21-Dec-98	23.86
18-Dec-98	25.04
17-Dec-98	27.96
16-Dec-98	29.96
15-Dec-98	29.42
14-Dec-98	31.31
11-Dec-98	27.72
10-Dec-98	26.81
9-Dec-98	25.66
8-Dec-98	25.58
7-Dec-98	24.9
4-Dec-98	25.31
3-Dec-98	28.7
2-Dec-98	25.43
1-Dec-98	24.97
30-Nov-98	26.01
27-Nov-98	22.09
25-Nov-98	22.15
24-Nov-98	23.28
23-Nov-98	21.84
20-Nov-98	22.47
19-Nov-98	25.5
18-Nov-98	27.13
17-Nov-98	27.95
16-Nov-98	28.9
13-Nov-98	29.03
12-Nov-98	29.28
11-Nov-98	28.47
10-Nov-98	28.17
9-Nov-98	28.09
6-Nov-98	25.7
5-Nov-98	26.01
4-Nov-98	27.37
3-Nov-98	27.76
2-Nov-98	27.26
30-Oct-98	28.05
29-Oct-98	29.5
28-Oct-98	32.42
27-Oct-98	32.95
26-Oct-98	32.38
23-Oct-98	32.27
22-Oct-98	31.53
21-Oct-98	33.21
20-Oct-98	33.11
19-Oct-98	33.13
16-Oct-98	34.82
15-Oct-98	33.34
14-Oct-98	38.96
13-Oct-98	40.23
12-Oct-98	40.07
9-Oct-98	42.2
8-Oct-98	45.74
7-Oct-98	43.51
6-Oct-98	41.2
5-Oct-98	42.81
2-Oct-98	40.47
1-Oct-98	43.48
30-Sep-98	40.95
29-Sep-98	36.08
28-Sep-98	34.87
25-Sep-98	34.55
24-Sep-98	34.66
23-Sep-98	32.47
22-Sep-98	36.62
21-Sep-98	38.58
18-Sep-98	38.63
17-Sep-98	39.23
16-Sep-98	35.94
15-Sep-98	36.58
14-Sep-98	38.57
11-Sep-98	43.74
10-Sep-98	45.29
9-Sep-98	39.66
8-Sep-98	37.9
4-Sep-98	43.31
3-Sep-98	41.43
2-Sep-98	36.76
1-Sep-98	36.48
31-Aug-98	44.28
28-Aug-98	39.6
27-Aug-98	38.55
26-Aug-98	31.14
25-Aug-98	30.33
24-Aug-98	31.8
21-Aug-98	33.14
20-Aug-98	30
19-Aug-98	28.69
18-Aug-98	28.4
17-Aug-98	31.86
14-Aug-98	34.34
13-Aug-98	29.92
12-Aug-98	28.55
11-Aug-98	31.91
10-Aug-98	28.75
7-Aug-98	27.02
6-Aug-98	28.2
5-Aug-98	29.83
4-Aug-98	31.06
3-Aug-98	25.98
31-Jul-98	24.8
30-Jul-98	22.66
29-Jul-98	24.79
28-Jul-98	25.25
27-Jul-98	23.13
24-Jul-98	23.01
23-Jul-98	23.01
22-Jul-98	20.32
21-Jul-98	20.1
20-Jul-98	17.34
17-Jul-98	16.23
16-Jul-98	16.97
15-Jul-98	17.89
14-Jul-98	17.88
13-Jul-98	18.26
10-Jul-98	17.92
9-Jul-98	18.16
8-Jul-98	17.82
7-Jul-98	18.62
6-Jul-98	18.63
2-Jul-98	17.67
1-Jul-98	18
30-Jun-98	19.71
29-Jun-98	19.57
26-Jun-98	19.36
25-Jun-98	20.25
24-Jun-98	20.02
23-Jun-98	20.17
22-Jun-98	21.94
19-Jun-98	21.92
18-Jun-98	22.4
17-Jun-98	22.89
16-Jun-98	24.8
15-Jun-98	25.94
12-Jun-98	22.78
11-Jun-98	23.57
10-Jun-98	21.48
9-Jun-98	20.52
8-Jun-98	20.58
5-Jun-98	19.78
4-Jun-98	21.22
3-Jun-98	22.85
2-Jun-98	22
1-Jun-98	22.83
29-May-98	21.32
28-May-98	20.74
27-May-98	22.59
26-May-98	22.07
22-May-98	18.99
21-May-98	19.38
20-May-98	19.89
19-May-98	20.39
18-May-98	21.69
15-May-98	20.44
14-May-98	19.64
13-May-98	20.44
12-May-98	20.98
11-May-98	21.05
8-May-98	20.57
7-May-98	23.39
6-May-98	22.79
5-May-98	21.46
4-May-98	20.32
1-May-98	19.34
30-Apr-98	21.18
29-Apr-98	22.78
28-Apr-98	24.17
27-Apr-98	26.09
24-Apr-98	21.97
23-Apr-98	20.6
22-Apr-98	19.44
21-Apr-98	19.91
20-Apr-98	20.39
17-Apr-98	20.76
16-Apr-98	22.06
15-Apr-98	20.89
14-Apr-98	21.61
13-Apr-98	22.77
9-Apr-98	21.51
8-Apr-98	23.17
7-Apr-98	23.66
6-Apr-98	22.47
3-Apr-98	21.82
2-Apr-98	21.98
1-Apr-98	23.37
31-Mar-98	24.22
30-Mar-98	24.66
27-Mar-98	23.47
26-Mar-98	22.81
25-Mar-98	22.54
24-Mar-98	20.51
23-Mar-98	19.98
20-Mar-98	18.69
19-Mar-98	17.76
18-Mar-98	18.29
17-Mar-98	18.66
16-Mar-98	18.51
13-Mar-98	18.71
12-Mar-98	18.25
11-Mar-98	18.89
10-Mar-98	19.43
9-Mar-98	20.23
6-Mar-98	19.14
5-Mar-98	20.93
4-Mar-98	19.58
3-Mar-98	19.04
2-Mar-98	19.19
27-Feb-98	18.55
26-Feb-98	18.63
25-Feb-98	18.62
24-Feb-98	19.35
23-Feb-98	18.99
20-Feb-98	19
19-Feb-98	19.88
18-Feb-98	19.66
17-Feb-98	20.76
13-Feb-98	19.84
12-Feb-98	19.73
11-Feb-98	20.38
10-Feb-98	20.66
9-Feb-98	21.55
6-Feb-98	20.51
5-Feb-98	21.29
4-Feb-98	20.55
3-Feb-98	20.67
2-Feb-98	21.36
30-Jan-98	21.47
29-Jan-98	21.65
28-Jan-98	22.06
27-Jan-98	22.27
26-Jan-98	23.97
23-Jan-98	23.32
22-Jan-98	23.16
21-Jan-98	22.53
20-Jan-98	21.65
16-Jan-98	21.65
15-Jan-98	23.45
14-Jan-98	23.75
13-Jan-98	25.17
12-Jan-98	28.02
9-Jan-98	28.69
8-Jan-98	26.01
7-Jan-98	25.07
6-Jan-98	25.66
5-Jan-98	24.36
2-Jan-98	23.42
31-Dec-97	24.01
30-Dec-97	24.38
29-Dec-97	26.79
26-Dec-97	29.27
24-Dec-97	30.27
23-Dec-97	29.86
22-Dec-97	28.56
19-Dec-97	29.18
18-Dec-97	27.19
17-Dec-97	26.33
16-Dec-97	26.11
15-Dec-97	27.37
12-Dec-97	27.92
11-Dec-97	27.63
10-Dec-97	24.55
9-Dec-97	23.36
8-Dec-97	23.22
5-Dec-97	22.65
4-Dec-97	23.84
3-Dec-97	23.92
2-Dec-97	25.66
1-Dec-97	26.01
28-Nov-97	27.43
26-Nov-97	28.95
25-Nov-97	28.95
24-Nov-97	29.8
21-Nov-97	26.65
20-Nov-97	27.32
19-Nov-97	29.93
18-Nov-97	31.55
17-Nov-97	31.58
14-Nov-97	33.66
13-Nov-97	36.64
12-Nov-97	37.84
11-Nov-97	36.38
10-Nov-97	36.63
7-Nov-97	36.27
6-Nov-97	32.57
5-Nov-97	32.18
4-Nov-97	32.24
3-Nov-97	32.09
31-Oct-97	35.09
30-Oct-97	38.2
29-Oct-97	33.75
28-Oct-97	31.22
27-Oct-97	31.12
24-Oct-97	23.17
23-Oct-97	22.99
22-Oct-97	19.86
21-Oct-97	19.53
20-Oct-97	20.72
17-Oct-97	21.69
16-Oct-97	20.53
15-Oct-97	20.05
14-Oct-97	19.99
13-Oct-97	20.26
10-Oct-97	19.75
9-Oct-97	22.31
8-Oct-97	20.77
7-Oct-97	20.29
6-Oct-97	21.61
3-Oct-97	21.54
2-Oct-97	22.27
1-Oct-97	22.32
30-Sep-97	22.91
29-Sep-97	22.23
26-Sep-97	22.26
25-Sep-97	22.96
24-Sep-97	22.64
23-Sep-97	22
22-Sep-97	22.08
19-Sep-97	22.74
18-Sep-97	23.48
17-Sep-97	24.1
16-Sep-97	23.77
15-Sep-97	25.74
12-Sep-97	25.17
11-Sep-97	25.99
10-Sep-97	24.64
9-Sep-97	23.89
8-Sep-97	24.4
5-Sep-97	24.31
4-Sep-97	25.27
3-Sep-97	24.95
2-Sep-97	24.53
29-Aug-97	24.76
28-Aug-97	24.51
27-Aug-97	24.26
26-Aug-97	24.73
25-Aug-97	24.1
22-Aug-97	24.74
21-Aug-97	23.83
20-Aug-97	21.09
19-Aug-97	22.64
18-Aug-97	24.37
15-Aug-97	24.45
14-Aug-97	23.11
13-Aug-97	24.52
12-Aug-97	23.75
11-Aug-97	22.77
8-Aug-97	22.46
7-Aug-97	19.77
6-Aug-97	20.05
5-Aug-97	20.64
4-Aug-97	21.94
1-Aug-97	22.29
31-Jul-97	21.48
30-Jul-97	21.39
29-Jul-97	22.02
28-Jul-97	21.84
25-Jul-97	20.82
24-Jul-97	20.96
23-Jul-97	21.3
22-Jul-97	21.77
21-Jul-97	23.51
18-Jul-97	22.28
17-Jul-97	20.54
16-Jul-97	19.36
15-Jul-97	19
14-Jul-97	19.58
11-Jul-97	19.06
10-Jul-97	19.92
9-Jul-97	20.4
8-Jul-97	18.76
7-Jul-97	19.13
3-Jul-97	17.82
2-Jul-97	19.7
1-Jul-97	21
30-Jun-97	21.53
27-Jun-97	21.22
26-Jun-97	21.82
25-Jun-97	21.5
24-Jun-97	20.74
23-Jun-97	21.19
20-Jun-97	20.2
19-Jun-97	20.1
18-Jun-97	20.45
17-Jun-97	20.17
16-Jun-97	19.77
13-Jun-97	19.27
12-Jun-97	18.51
11-Jun-97	18.85
10-Jun-97	19.04
9-Jun-97	19.46
6-Jun-97	18.94
5-Jun-97	20.36
4-Jun-97	20.1
3-Jun-97	20.01
2-Jun-97	20.85
30-May-97	19.19
29-May-97	19.02
28-May-97	19.28
27-May-97	19.36
23-May-97	18.08
22-May-97	18.77
21-May-97	19.28
20-May-97	19.26
19-May-97	21.48
16-May-97	21.57
15-May-97	19.91
14-May-97	21.09
13-May-97	20.81
12-May-97	20.25
9-May-97	20.11
8-May-97	21.26
7-May-97	21.34
6-May-97	20.85
5-May-97	20.13
2-May-97	17.51
1-May-97	19.87
30-Apr-97	20.06
29-Apr-97	19.81
28-Apr-97	21.34
25-Apr-97	21.15
24-Apr-97	20.83
23-Apr-97	20.48
22-Apr-97	19.52
21-Apr-97	20.1
18-Apr-97	18.75
17-Apr-97	18.71
16-Apr-97	17.64
15-Apr-97	18.25
14-Apr-97	19.09
11-Apr-97	19.76
10-Apr-97	19.01
9-Apr-97	18.56
8-Apr-97	18.44
7-Apr-97	18.51
4-Apr-97	19.23
3-Apr-97	21.19
2-Apr-97	21.3
1-Apr-97	20.84
31-Mar-97	22.14
27-Mar-97	20.5
26-Mar-97	18.32
25-Mar-97	19.26
24-Mar-97	20.06
21-Mar-97	19.69
20-Mar-97	21.22
19-Mar-97	21.74
18-Mar-97	21.26
17-Mar-97	20.95
14-Mar-97	19.81
13-Mar-97	19.79
12-Mar-97	19.61
11-Mar-97	19.25
10-Mar-97	19
7-Mar-97	19.32
6-Mar-97	20.48
5-Mar-97	19.49
4-Mar-97	20.62
3-Mar-97	20.89
28-Feb-97	21.1
27-Feb-97	21.08
26-Feb-97	20.74
25-Feb-97	19.98
24-Feb-97	19.84
21-Feb-97	20.55
20-Feb-97	21.41
19-Feb-97	20.61
18-Feb-97	19.7
14-Feb-97	19.18
13-Feb-97	19.23
12-Feb-97	19.48
11-Feb-97	19.97
10-Feb-97	20.65
7-Feb-97	18.9
6-Feb-97	20.16
5-Feb-97	21.06
4-Feb-97	19.43
3-Feb-97	19.58
31-Jan-97	19.47
30-Jan-97	19.47
29-Jan-97	20.23
28-Jan-97	20.74
27-Jan-97	20.16
24-Jan-97	19.33
23-Jan-97	18.47
22-Jan-97	17.09
21-Jan-97	17.81
20-Jan-97	18.6
17-Jan-97	18.63
16-Jan-97	19.61
15-Jan-97	19.4
14-Jan-97	19.27
13-Jan-97	19.84
10-Jan-97	19.63
9-Jan-97	20.91
8-Jan-97	20.24
7-Jan-97	19.35
6-Jan-97	19.89
3-Jan-97	19.13
2-Jan-97	21.14
31-Dec-96	20.92
30-Dec-96	19.51
27-Dec-96	19.13
26-Dec-96	18.59
24-Dec-96	18.68
23-Dec-96	19.5
20-Dec-96	18.85
19-Dec-96	18.77
18-Dec-96	19.42
17-Dec-96	20.77
16-Dec-96	21.99
13-Dec-96	21.09
12-Dec-96	20.45
11-Dec-96	19.68
10-Dec-96	17.88
9-Dec-96	17.75
6-Dec-96	18.82
5-Dec-96	18.14
4-Dec-96	17.93
3-Dec-96	18.68
2-Dec-96	17.93
29-Nov-96	17.14
27-Nov-96	16.96
26-Nov-96	16.97
25-Nov-96	15.91
22-Nov-96	14.92
21-Nov-96	15.77
20-Nov-96	15.94
19-Nov-96	15.23
18-Nov-96	15.12
15-Nov-96	14.36
14-Nov-96	13.79
13-Nov-96	14.89
12-Nov-96	15.36
11-Nov-96	14.04
8-Nov-96	15.78
7-Nov-96	17.21
6-Nov-96	16.97
5-Nov-96	17.65
4-Nov-96	18.04
1-Nov-96	17.89
31-Oct-96	18.11
30-Oct-96	18.48
29-Oct-96	18.28
28-Oct-96	18.34
25-Oct-96	17.29
24-Oct-96	16.89
23-Oct-96	16.45
22-Oct-96	16.4
21-Oct-96	15.98
18-Oct-96	15.08
17-Oct-96	15.41
16-Oct-96	15.6
15-Oct-96	15.83
14-Oct-96	15.13
11-Oct-96	15.07
10-Oct-96	16.26
9-Oct-96	16.09
8-Oct-96	15.58
7-Oct-96	15.11
4-Oct-96	14.8
3-Oct-96	16.77
2-Oct-96	16.78
1-Oct-96	17.05
30-Sep-96	16.95
27-Sep-96	16.1
26-Sep-96	16.11
25-Sep-96	16.22
24-Sep-96	16.45
23-Sep-96	16.46
20-Sep-96	15.65
19-Sep-96	16.03
18-Sep-96	15.86
17-Sep-96	15.74
16-Sep-96	15.43
13-Sep-96	15.2
12-Sep-96	15.97
11-Sep-96	16.06
10-Sep-96	16.25
9-Sep-96	16.36
6-Sep-96	17.1
5-Sep-96	20.51
4-Sep-96	18.64
3-Sep-96	18.47
30-Aug-96	17.01
29-Aug-96	16.22
28-Aug-96	15.1
27-Aug-96	15.11
26-Aug-96	15.38
23-Aug-96	14.18
22-Aug-96	13.71
21-Aug-96	14.52
20-Aug-96	14.73
19-Aug-96	15.27
16-Aug-96	14.81
15-Aug-96	15.46
14-Aug-96	15.96
13-Aug-96	16.41
12-Aug-96	15.57
9-Aug-96	15.77
8-Aug-96	16.04
7-Aug-96	16.24
6-Aug-96	16.93
5-Aug-96	17.36
2-Aug-96	16.19
1-Aug-96	18.76
31-Jul-96	19.46
30-Jul-96	20.53
29-Jul-96	20.09
26-Jul-96	17.45
25-Jul-96	19.39
24-Jul-96	21.44
23-Jul-96	21.55
22-Jul-96	20.41
19-Jul-96	17.26
18-Jul-96	17.93
17-Jul-96	19.22
16-Jul-96	20.1
15-Jul-96	20.11
12-Jul-96	17.09
11-Jul-96	17.81
10-Jul-96	15.51
9-Jul-96	15.49
8-Jul-96	16.42
5-Jul-96	16.09
3-Jul-96	14.21
2-Jul-96	14.19
1-Jul-96	13.78
28-Jun-96	13.68
27-Jun-96	14.19
26-Jun-96	15.23
25-Jun-96	15.43
24-Jun-96	15.91
21-Jun-96	15.8
20-Jun-96	16.97
19-Jun-96	17.54
18-Jun-96	17.45
17-Jun-96	17.46
14-Jun-96	18.64
13-Jun-96	17.12
12-Jun-96	17
11-Jun-96	16.68
10-Jun-96	16.78
7-Jun-96	16.1
6-Jun-96	16.84
5-Jun-96	16.04
4-Jun-96	16.18
3-Jun-96	16.86
31-May-96	16.07
30-May-96	16.02
29-May-96	17.15
28-May-96	16.92
24-May-96	15.54
23-May-96	16.17
22-May-96	15.5
21-May-96	16
20-May-96	15.8
17-May-96	15.13
16-May-96	15.71
15-May-96	15.59
14-May-96	14.9
13-May-96	15.16
10-May-96	15.61
9-May-96	16.99
8-May-96	15.78
7-May-96	16.87
6-May-96	16.92
3-May-96	16.7
2-May-96	18.62
1-May-96	16.07
30-Apr-96	15.83
29-Apr-96	15.45
26-Apr-96	14.75
25-Apr-96	14.72
24-Apr-96	14.91
23-Apr-96	15.01
22-Apr-96	15.38
19-Apr-96	15.12
18-Apr-96	16.41
17-Apr-96	17.07
16-Apr-96	16.45
15-Apr-96	16.83
12-Apr-96	17.38
11-Apr-96	19.65
10-Apr-96	20.22
9-Apr-96	17.32
8-Apr-96	18.72
4-Apr-96	16.18
3-Apr-96	16.33
2-Apr-96	16.45
1-Apr-96	17.9
29-Mar-96	18.88
28-Mar-96	18.16
27-Mar-96	17.89
26-Mar-96	17.8
25-Mar-96	17.84
22-Mar-96	17.05
21-Mar-96	17.74
20-Mar-96	18.66
19-Mar-96	18.35
18-Mar-96	17.31
15-Mar-96	16.54
14-Mar-96	16.93
13-Mar-96	18.13
12-Mar-96	19.09
11-Mar-96	19.4
8-Mar-96	20.7
7-Mar-96	16.49
6-Mar-96	16.56
5-Mar-96	16.1
4-Mar-96	16.67
1-Mar-96	16.72
29-Feb-96	17.04
28-Feb-96	16.72
27-Feb-96	16.63
26-Feb-96	16.38
23-Feb-96	14.78
22-Feb-96	14.56
21-Feb-96	14.47
20-Feb-96	16.8
16-Feb-96	15.37
15-Feb-96	16.13
14-Feb-96	15.59
13-Feb-96	14.94
12-Feb-96	14.69
9-Feb-96	14.63
8-Feb-96	13.89
7-Feb-96	14.11
6-Feb-96	14.59
5-Feb-96	13.46
2-Feb-96	13.23
1-Feb-96	12.65
31-Jan-96	12.53
30-Jan-96	12.42
29-Jan-96	12.19
26-Jan-96	12
25-Jan-96	12.94
24-Jan-96	12.54
23-Jan-96	13.56
22-Jan-96	13.34
19-Jan-96	12.7
18-Jan-96	13.58
17-Jan-96	14.25
16-Jan-96	14.09
15-Jan-96	14.99
12-Jan-96	14.23
11-Jan-96	14.69
10-Jan-96	16.4
9-Jan-96	15.21
8-Jan-96	13.11
5-Jan-96	13.58
4-Jan-96	13.78
3-Jan-96	12.1
2-Jan-96	12.19
29-Dec-95	12.52
28-Dec-95	12.25
27-Dec-95	11.98
26-Dec-95	11.49
22-Dec-95	11.51
21-Dec-95	10.77
20-Dec-95	12.2
19-Dec-95	13.16
18-Dec-95	14.55
15-Dec-95	11.44
14-Dec-95	11.07
13-Dec-95	10.36
12-Dec-95	10.63
11-Dec-95	11.06
8-Dec-95	11.12
7-Dec-95	12.74
6-Dec-95	12.7
5-Dec-95	11.65
4-Dec-95	10.66
1-Dec-95	11.11
30-Nov-95	11.58
29-Nov-95	11.65
28-Nov-95	11.57
27-Nov-95	12.43
24-Nov-95	11.87
22-Nov-95	11.81
21-Nov-95	11.74
20-Nov-95	12.37
17-Nov-95	12.49
16-Nov-95	12.57
15-Nov-95	12.95
14-Nov-95	13.38
13-Nov-95	13.2
10-Nov-95	12.97
9-Nov-95	12.46
8-Nov-95	12.16
7-Nov-95	13.05
6-Nov-95	12.74
3-Nov-95	12.26
2-Nov-95	13.19
1-Nov-95	13.41
31-Oct-95	13.83
30-Oct-95	14.26
27-Oct-95	14.63
26-Oct-95	15.59
25-Oct-95	14.49
24-Oct-95	13.85
23-Oct-95	14.17
20-Oct-95	13.46
19-Oct-95	13.55
18-Oct-95	14.05
17-Oct-95	14.03
16-Oct-95	14.62
13-Oct-95	13.67
12-Oct-95	14.24
11-Oct-95	14.57
10-Oct-95	14.97
9-Oct-95	14.85
6-Oct-95	13.98
5-Oct-95	15.74
4-Oct-95	14.86
3-Oct-95	14.5
2-Oct-95	13.95
29-Sep-95	12.74
28-Sep-95	12.46
27-Sep-95	12.9
26-Sep-95	12.9
25-Sep-95	13.22
22-Sep-95	12.46
21-Sep-95	12.5
20-Sep-95	12.35
19-Sep-95	12.67
18-Sep-95	12.34
15-Sep-95	11.58
14-Sep-95	11.1
13-Sep-95	11.35
12-Sep-95	11.46
11-Sep-95	11.51
8-Sep-95	11.16
7-Sep-95	11.85
6-Sep-95	11.65
5-Sep-95	11.65
1-Sep-95	11.29
31-Aug-95	11.52
30-Aug-95	12.03
29-Aug-95	12.65
28-Aug-95	12.48
25-Aug-95	12.33
24-Aug-95	12.94
23-Aug-95	13.17
22-Aug-95	12.6
21-Aug-95	13.42
18-Aug-95	12.03
17-Aug-95	12.13
16-Aug-95	12.45
15-Aug-95	12.35
14-Aug-95	13.24
11-Aug-95	12.9
10-Aug-95	13
9-Aug-95	12.75
8-Aug-95	13.06
7-Aug-95	13.1
4-Aug-95	13.21
3-Aug-95	13.78
2-Aug-95	13.66
1-Aug-95	13.56
31-Jul-95	13.49
28-Jul-95	13.18
27-Jul-95	13.18
26-Jul-95	13.18
25-Jul-95	12.77
24-Jul-95	12.55
21-Jul-95	12.37
20-Jul-95	12.78
19-Jul-95	13.49
18-Jul-95	12.68
17-Jul-95	12.26
14-Jul-95	12.08
13-Jul-95	12.56
12-Jul-95	12.31
11-Jul-95	12.25
10-Jul-95	12.19
7-Jul-95	11.77
6-Jul-95	11.52
5-Jul-95	12.1
3-Jul-95	11.57
30-Jun-95	11.38
29-Jun-95	11.59
28-Jun-95	11.74
27-Jun-95	12.37
26-Jun-95	11.8
23-Jun-95	11.12
22-Jun-95	11.44
21-Jun-95	11.32
20-Jun-95	11.16
19-Jun-95	11.21
16-Jun-95	10.75
15-Jun-95	11.23
14-Jun-95	11.29
13-Jun-95	11.29
12-Jun-95	11.91
9-Jun-95	12.76
8-Jun-95	12.89
7-Jun-95	12.84
6-Jun-95	13
5-Jun-95	13.45
2-Jun-95	12.98
1-Jun-95	12.21
31-May-95	12.85
30-May-95	12.52
26-May-95	12.2
25-May-95	11.63
24-May-95	11.26
23-May-95	11.55
22-May-95	11.68
19-May-95	12.81
18-May-95	13.13
17-May-95	12.36
16-May-95	12.2
15-May-95	12.38
12-May-95	11.84
11-May-95	12.98
10-May-95	13.08
9-May-95	12.75
8-May-95	12.22
5-May-95	12.06
4-May-95	12.64
3-May-95	11.69
2-May-95	11.88
1-May-95	12.14
28-Apr-95	11.75
27-Apr-95	11.93
26-Apr-95	12.28
25-Apr-95	12.41
24-Apr-95	11.92
21-Apr-95	11.86
20-Apr-95	12.1
19-Apr-95	13.09
18-Apr-95	12.96
17-Apr-95	12.33
13-Apr-95	11.48
12-Apr-95	12.04
11-Apr-95	12.73
10-Apr-95	12.79
7-Apr-95	12.85
6-Apr-95	12.81
5-Apr-95	12.96
4-Apr-95	12.62
3-Apr-95	13.5
31-Mar-95	13.37
30-Mar-95	12.62
29-Mar-95	12.51
28-Mar-95	11.33
27-Mar-95	11.83
24-Mar-95	11.19
23-Mar-95	11.43
22-Mar-95	11.29
21-Mar-95	11.53
20-Mar-95	11.34
17-Mar-95	11.8
16-Mar-95	11.95
15-Mar-95	12.42
14-Mar-95	12.1
13-Mar-95	12.15
10-Mar-95	12.38
9-Mar-95	13.36
8-Mar-95	13.72
7-Mar-95	14.22
6-Mar-95	12.17
3-Mar-95	11.45
2-Mar-95	12.02
1-Mar-95	11.65
28-Feb-95	11.75
27-Feb-95	12.51
24-Feb-95	10.84
23-Feb-95	11.15
22-Feb-95	11.39
21-Feb-95	12.05
17-Feb-95	11.71
16-Feb-95	11.61
15-Feb-95	11.52
14-Feb-95	11.43
13-Feb-95	11.41
10-Feb-95	11.28
9-Feb-95	11.63
8-Feb-95	11.42
7-Feb-95	11.17
6-Feb-95	11.22
3-Feb-95	10.98
2-Feb-95	11.13
1-Feb-95	11.73
31-Jan-95	11.96
30-Jan-95	12.26
27-Jan-95	11.25
26-Jan-95	11.25
25-Jan-95	11.46
24-Jan-95	11.94
23-Jan-95	12.79
20-Jan-95	12.15
19-Jan-95	11.86
18-Jan-95	11.57
17-Jan-95	11.79
16-Jan-95	11.14
13-Jan-95	11.1
12-Jan-95	12.83
11-Jan-95	12.15
10-Jan-95	12.52
9-Jan-95	13.33
6-Jan-95	13.13
5-Jan-95	13.5
4-Jan-95	13.53
3-Jan-95	14.25
30-Dec-94	13.2
29-Dec-94	12.86
28-Dec-94	12.81
27-Dec-94	12.07
23-Dec-94	11.82
22-Dec-94	12.42
21-Dec-94	12.05
20-Dec-94	12.98
19-Dec-94	13.02
16-Dec-94	12.79
15-Dec-94	12.87
14-Dec-94	13.03
13-Dec-94	14.48
12-Dec-94	15.46
9-Dec-94	16.04
8-Dec-94	18.15
7-Dec-94	16.28
6-Dec-94	16.05
5-Dec-94	16.1
2-Dec-94	16.55
1-Dec-94	16.69
30-Nov-94	15.95
29-Nov-94	16.15
28-Nov-94	16.83
25-Nov-94	17.44
23-Nov-94	18.41
22-Nov-94	17.24
21-Nov-94	16.13
18-Nov-94	16
17-Nov-94	15.91
16-Nov-94	15.56
15-Nov-94	16.66
14-Nov-94	16.68
11-Nov-94	16.5
10-Nov-94	16
9-Nov-94	16.42
8-Nov-94	16.3
7-Nov-94	17.37
4-Nov-94	16.75
3-Nov-94	15.58
2-Nov-94	15.34
1-Nov-94	14.84
31-Oct-94	14.56
28-Oct-94	14.56
27-Oct-94	15.67
26-Oct-94	15.7
25-Oct-94	16.13
24-Oct-94	16.97
21-Oct-94	15.91
20-Oct-94	15.99
19-Oct-94	15.13
18-Oct-94	14.59
17-Oct-94	14.76
14-Oct-94	13.32
13-Oct-94	14.9
12-Oct-94	14.51
11-Oct-94	13.55
10-Oct-94	14.72
7-Oct-94	14.92
6-Oct-94	16.24
5-Oct-94	15.92
4-Oct-94	16.66
3-Oct-94	15.44
30-Sep-94	14.28
29-Sep-94	13.97
28-Sep-94	13.25
27-Sep-94	14.13
26-Sep-94	14.56
23-Sep-94	14.53
22-Sep-94	13.89
21-Sep-94	14.49
20-Sep-94	14.45
19-Sep-94	13.06
16-Sep-94	12.8
15-Sep-94	11.88
14-Sep-94	13.09
13-Sep-94	13.77
12-Sep-94	14.01
9-Sep-94	13.12
8-Sep-94	11.86
7-Sep-94	11.81
6-Sep-94	11.69
2-Sep-94	11.4
1-Sep-94	11.86
31-Aug-94	11.97
30-Aug-94	11.23
29-Aug-94	11.82
26-Aug-94	12.19
25-Aug-94	12.02
24-Aug-94	11.57
23-Aug-94	11.75
22-Aug-94	12.62
19-Aug-94	12.83
18-Aug-94	12.07
17-Aug-94	11.54
16-Aug-94	11.39
15-Aug-94	12.06
12-Aug-94	11.09
11-Aug-94	12.13
10-Aug-94	11.91
9-Aug-94	12.54
8-Aug-94	12.41
5-Aug-94	12.34
4-Aug-94	12.18
3-Aug-94	11.35
2-Aug-94	11.27
1-Aug-94	11.17
29-Jul-94	11.13
28-Jul-94	12.03
27-Jul-94	11.93
26-Jul-94	11.66
25-Jul-94	11.46
22-Jul-94	11.22
21-Jul-94	11.65
20-Jul-94	11.7
19-Jul-94	11.65
18-Jul-94	11.44
15-Jul-94	11.28
14-Jul-94	11.64
13-Jul-94	12.42
12-Jul-94	13.4
11-Jul-94	13.83
8-Jul-94	13.26
7-Jul-94	14.01
6-Jul-94	14.7
5-Jul-94	14.92
1-Jul-94	14.36
30-Jun-94	14.97
29-Jun-94	14.42
28-Jun-94	15.04
27-Jun-94	15.53
24-Jun-94	16.72
23-Jun-94	14.12
22-Jun-94	14.02
21-Jun-94	14.7
20-Jun-94	13.96
17-Jun-94	12.31
16-Jun-94	11.22
15-Jun-94	11.52
14-Jun-94	11.6
13-Jun-94	11.92
10-Jun-94	12.69
9-Jun-94	13.21
8-Jun-94	13.32
7-Jun-94	13.05
6-Jun-94	13.03
3-Jun-94	12.19
2-Jun-94	12.73
1-Jun-94	12.72
31-May-94	13.03
27-May-94	12.49
26-May-94	12.5
25-May-94	12.43
24-May-94	12.73
23-May-94	13.49
20-May-94	12.79
19-May-94	12.33
18-May-94	12.55
17-May-94	14.08
16-May-94	14.67
13-May-94	14.54
12-May-94	15.46
11-May-94	15.55
10-May-94	15.19
9-May-94	16.16
6-May-94	15.08
5-May-94	14.56
4-May-94	14.29
3-May-94	13.81
2-May-94	14.11
29-Apr-94	13.77
28-Apr-94	14.51
26-Apr-94	13.8
25-Apr-94	14.26
22-Apr-94	14.94
21-Apr-94	14.93
20-Apr-94	17.01
19-Apr-94	16.93
18-Apr-94	17.22
15-Apr-94	15.98
14-Apr-94	16.27
13-Apr-94	17.02
12-Apr-94	16.42
11-Apr-94	16.61
8-Apr-94	16.92
7-Apr-94	16.98
6-Apr-94	17.38
5-Apr-94	18.13
4-Apr-94	23.87
31-Mar-94	20.45
30-Mar-94	18.59
29-Mar-94	16.49
28-Mar-94	14.9
25-Mar-94	13.67
24-Mar-94	13.43
23-Mar-94	12.31
22-Mar-94	13.39
21-Mar-94	14.34
18-Mar-94	13.32
17-Mar-94	12.76
16-Mar-94	14.51
15-Mar-94	14.78
14-Mar-94	16.61
11-Mar-94	14.87
10-Mar-94	16.55
9-Mar-94	14.41
8-Mar-94	16.23
7-Mar-94	14.26
4-Mar-94	16
3-Mar-94	16.36
2-Mar-94	16.08
1-Mar-94	15.83
28-Feb-94	14.87
25-Feb-94	14.8
24-Feb-94	15.96
23-Feb-94	13.91
22-Feb-94	13.52
18-Feb-94	14.7
17-Feb-94	13.79
16-Feb-94	13.13
15-Feb-94	13.4
14-Feb-94	14.28
11-Feb-94	14.46
10-Feb-94	14.24
9-Feb-94	13.3
8-Feb-94	13.66
7-Feb-94	13.96
4-Feb-94	15.25
3-Feb-94	10.75
2-Feb-94	10.61
1-Feb-94	10.65
31-Jan-94	10.63
28-Jan-94	9.94
27-Jan-94	10.3
26-Jan-94	11.17
25-Jan-94	11.38
24-Jan-94	11.6
21-Jan-94	11.09
20-Jan-94	11.16
19-Jan-94	11.76
18-Jan-94	11.63
17-Jan-94	11.88
14-Jan-94	11.15
13-Jan-94	12.08
12-Jan-94	11.65
11-Jan-94	11.29
10-Jan-94	10.74
7-Jan-94	10.96
6-Jan-94	11.27
5-Jan-94	10.94
4-Jan-94	11.91
3-Jan-94	12.57
31-Dec-93	11.66
30-Dec-93	10.69
29-Dec-93	10.46
28-Dec-93	9.82
27-Dec-93	9.7
23-Dec-93	9.48
22-Dec-93	9.31
21-Dec-93	10.08
20-Dec-93	10.75
17-Dec-93	11.08
16-Dec-93	10.9
15-Dec-93	11.03
14-Dec-93	11.13
13-Dec-93	10.98
10-Dec-93	12.6
9-Dec-93	12.43
8-Dec-93	12.46
7-Dec-93	12.41
6-Dec-93	12.84
3-Dec-93	12.69
2-Dec-93	13.51
1-Dec-93	13.83
30-Nov-93	13.76
29-Nov-93	14.12
26-Nov-93	13.77
24-Nov-93	13.51
23-Nov-93	14.27
22-Nov-93	15.9
19-Nov-93	15.03
18-Nov-93	14.65
17-Nov-93	15.57
16-Nov-93	15.11
15-Nov-93	14.46
12-Nov-93	13.33
11-Nov-93	13.88
10-Nov-93	13.72
9-Nov-93	13.94
8-Nov-93	14.31
5-Nov-93	14.97
4-Nov-93	14.68
3-Nov-93	13.26
2-Nov-93	11.74
1-Nov-93	11.78
29-Oct-93	11.46
28-Oct-93	11.88
27-Oct-93	12.01
26-Oct-93	11.83
25-Oct-93	11.83
22-Oct-93	11.48
21-Oct-93	11.2
20-Oct-93	11.32
19-Oct-93	11.61
18-Oct-93	11.33
15-Oct-93	10.87
14-Oct-93	11
13-Oct-93	11.38
12-Oct-93	12.41
11-Oct-93	12.26
8-Oct-93	12.04
7-Oct-93	13.14
6-Oct-93	12.68
5-Oct-93	12.97
4-Oct-93	12.85
1-Oct-93	11.83
30-Sep-93	12.99
29-Sep-93	12.63
28-Sep-93	12.19
27-Sep-93	12.49
24-Sep-93	12.47
23-Sep-93	13.36
22-Sep-93	13.75
21-Sep-93	17.3
20-Sep-93	14.6
17-Sep-93	13.39
16-Sep-93	13.36
15-Sep-93	12.7
14-Sep-93	13.15
13-Sep-93	12.16
10-Sep-93	11.7
9-Sep-93	12.67
8-Sep-93	13.24
7-Sep-93	12.9
3-Sep-93	11.16
2-Sep-93	11.87
1-Sep-93	11.48
31-Aug-93	11.85
30-Aug-93	11.74
27-Aug-93	11.91
26-Aug-93	12.14
25-Aug-93	12.1
24-Aug-93	11.8
23-Aug-93	12.15
20-Aug-93	11.62
19-Aug-93	11.63
18-Aug-93	11.52
17-Aug-93	11.59
16-Aug-93	12.01
13-Aug-93	12.19
12-Aug-93	12.38
11-Aug-93	12.07
10-Aug-93	12.31
9-Aug-93	12.39
6-Aug-93	12.33
5-Aug-93	12.03
4-Aug-93	11.71
3-Aug-93	11.49
2-Aug-93	11.47
30-Jul-93	11.73
29-Jul-93	11.25
28-Jul-93	11.37
27-Jul-93	11.34
26-Jul-93	11.32
23-Jul-93	11.32
22-Jul-93	11.69
21-Jul-93	11.97
20-Jul-93	11.05
19-Jul-93	11.46
16-Jul-93	10.96
15-Jul-93	10.6
14-Jul-93	10.78
13-Jul-93	11.02
12-Jul-93	10.85
9-Jul-93	10.8
8-Jul-93	12.24
7-Jul-93	13.05
6-Jul-93	13.87
2-Jul-93	11.33
1-Jul-93	11.51
30-Jun-93	11.26
29-Jun-93	11.29
28-Jun-93	11.11
25-Jun-93	11.25
24-Jun-93	12.25
23-Jun-93	12.04
22-Jun-93	11.65
21-Jun-93	12.25
18-Jun-93	12.24
17-Jun-93	11.66
16-Jun-93	11.87
15-Jun-93	11.99
14-Jun-93	12.33
11-Jun-93	12.71
10-Jun-93	13.31
9-Jun-93	13.96
8-Jun-93	14.74
7-Jun-93	14.07
4-Jun-93	12.86
3-Jun-93	13.54
2-Jun-93	13.48
1-Jun-93	13.67
28-May-93	13.47
27-May-93	13.1
26-May-93	12.88
25-May-93	14.04
24-May-93	14.1
21-May-93	14.51
20-May-93	13.98
19-May-93	14.29
18-May-93	14.19
17-May-93	14.13
14-May-93	14.39
13-May-93	14.76
12-May-93	13.56
11-May-93	13.35
10-May-93	13.72
7-May-93	13.01
6-May-93	13.22
5-May-93	12.38
4-May-93	12.14
3-May-93	12.9
30-Apr-93	12.42
29-Apr-93	12.8
28-Apr-93	13.12
27-Apr-93	13.93
26-Apr-93	15.25
23-Apr-93	13.36
22-Apr-93	12.68
21-Apr-93	12.11
20-Apr-93	11.94
19-Apr-93	12.06
16-Apr-93	11.29
15-Apr-93	10.96
14-Apr-93	11.76
13-Apr-93	11.7
12-Apr-93	11.93
8-Apr-93	12.83
7-Apr-93	13.64
6-Apr-93	14.24
5-Apr-93	14.12
2-Apr-93	14.5
1-Apr-93	13.02
31-Mar-93	12.53
30-Mar-93	12.23
29-Mar-93	12.63
26-Mar-93	12.21
25-Mar-93	12.08
24-Mar-93	12.44
23-Mar-93	13.02
22-Mar-93	13.66
19-Mar-93	13.23
18-Mar-93	14.17
17-Mar-93	14.53
16-Mar-93	14.51
15-Mar-93	14.74
12-Mar-93	15.66
11-Mar-93	14.26
10-Mar-93	13.91
9-Mar-93	14.17
8-Mar-93	16.22
5-Mar-93	14.08
4-Mar-93	13.44
3-Mar-93	13.13
2-Mar-93	12.49
1-Mar-93	13.6
26-Feb-93	13.16
25-Feb-93	13.76
24-Feb-93	14.72
23-Feb-93	15.04
22-Feb-93	14.7
19-Feb-93	15.02
18-Feb-93	15.56
17-Feb-93	15.9
16-Feb-93	15.76
12-Feb-93	12.38
11-Feb-93	12.69
10-Feb-93	13.43
9-Feb-93	13.48
8-Feb-93	13.22
5-Feb-93	12.9
4-Feb-93	12.29
3-Feb-93	12.12
2-Feb-93	12.25
1-Feb-93	12.33
29-Jan-93	12.42
28-Jan-93	12.04
27-Jan-93	12.01
26-Jan-93	11.45
25-Jan-93	11.38
22-Jan-93	11.3
21-Jan-93	11.69
20-Jan-93	12.15
19-Jan-93	12.06
18-Jan-93	11.49
15-Jan-93	11.57
14-Jan-93	11.99
13-Jan-93	12.42
12-Jan-93	12.78
11-Jan-93	12.86
8-Jan-93	13.77
7-Jan-93	14.72
6-Jan-93	13.37
5-Jan-93	13.35
4-Jan-93	13.36
31-Dec-92	12.57
30-Dec-92	12.6
29-Dec-92	12.29
28-Dec-92	12.22
24-Dec-92	11.57
23-Dec-92	11.51
22-Dec-92	11.75
21-Dec-92	11.65
18-Dec-92	11.66
17-Dec-92	12.14
16-Dec-92	12.58
15-Dec-92	12.41
14-Dec-92	12.66
11-Dec-92	12.34
10-Dec-92	12.75
9-Dec-92	12.58
8-Dec-92	11.73
7-Dec-92	12
4-Dec-92	11.81
3-Dec-92	12.03
2-Dec-92	12.56
1-Dec-92	12.8
30-Nov-92	13.01
27-Nov-92	12.58
25-Nov-92	12.5
24-Nov-92	12.66
23-Nov-92	13.4
20-Nov-92	13.67
19-Nov-92	14.33
18-Nov-92	14.55
17-Nov-92	15.01
16-Nov-92	14.86
13-Nov-92	14.61
12-Nov-92	14.37
11-Nov-92	13.99
10-Nov-92	14.37
9-Nov-92	14.23
6-Nov-92	14.69
5-Nov-92	15.38
4-Nov-92	16.28
3-Nov-92	17.33
2-Nov-92	16.67
30-Oct-92	16.15
29-Oct-92	15.47
28-Oct-92	15.95
27-Oct-92	16.24
26-Oct-92	16.32
23-Oct-92	16.46
22-Oct-92	15.84
21-Oct-92	16.62
20-Oct-92	16.87
19-Oct-92	17.31
16-Oct-92	17.01
15-Oct-92	17.11
14-Oct-92	18.42
13-Oct-92	17.9
12-Oct-92	19.49
9-Oct-92	20.51
8-Oct-92	19.26
7-Oct-92	21.02
6-Oct-92	19.95
5-Oct-92	20.01
2-Oct-92	17.79
1-Oct-92	16.31
30-Sep-92	14.28
29-Sep-92	14.97
28-Sep-92	15.19
25-Sep-92	14.8
24-Sep-92	13.44
23-Sep-92	13.83
22-Sep-92	13.88
21-Sep-92	13.45
18-Sep-92	13.74
17-Sep-92	14.31
16-Sep-92	14.72
15-Sep-92	13.63
14-Sep-92	13
11-Sep-92	12.47
10-Sep-92	12.92
9-Sep-92	13.36
8-Sep-92	13.65
4-Sep-92	12.98
3-Sep-92	12.88
2-Sep-92	12.73
1-Sep-92	13.4
31-Aug-92	13.58
28-Aug-92	13.14
27-Aug-92	13.66
26-Aug-92	14.5
25-Aug-92	15.62
24-Aug-92	16.19
21-Aug-92	15.01
20-Aug-92	14.48
19-Aug-92	14.35
18-Aug-92	13.84
17-Aug-92	14.61
14-Aug-92	14.66
13-Aug-92	15.34
12-Aug-92	14.88
11-Aug-92	15.09
10-Aug-92	14.51
7-Aug-92	13.94
6-Aug-92	14.23
5-Aug-92	13.82
4-Aug-92	13.58
3-Aug-92	13.83
31-Jul-92	13.17
30-Jul-92	13.5
29-Jul-92	13.44
28-Jul-92	13.05
27-Jul-92	13.9
24-Jul-92	13.37
23-Jul-92	13.33
22-Jul-92	13.57
21-Jul-92	12.6
20-Jul-92	12.66
17-Jul-92	12.6
16-Jul-92	12.27
15-Jul-92	12.52
14-Jul-92	13.5
13-Jul-92	14.01
10-Jul-92	13.7
9-Jul-92	14.6
8-Jul-92	15.53
7-Jul-92	15.83
6-Jul-92	14.87
2-Jul-92	13.88
1-Jul-92	13.34
30-Jun-92	13.35
29-Jun-92	13.21
26-Jun-92	14.67
25-Jun-92	14.4
24-Jun-92	14.4
23-Jun-92	14.53
22-Jun-92	16.66
19-Jun-92	16.31
18-Jun-92	18.2
17-Jun-92	18.08
16-Jun-92	15.22
15-Jun-92	14.76
12-Jun-92	14.95
11-Jun-92	16.29
10-Jun-92	16.62
9-Jun-92	15.97
8-Jun-92	15.19
5-Jun-92	14.65
4-Jun-92	13.66
3-Jun-92	14.35
2-Jun-92	14.57
1-Jun-92	14.43
29-May-92	13.86
28-May-92	13.77
27-May-92	13.99
26-May-92	14.92
22-May-92	13.73
21-May-92	13.92
20-May-92	13.62
19-May-92	13.57
18-May-92	14.62
15-May-92	14.82
14-May-92	15.49
13-May-92	15.19
12-May-92	15.68
11-May-92	15.17
8-May-92	15.65
7-May-92	16.54
6-May-92	16.81
5-May-92	16.66
4-May-92	16.92
1-May-92	16.61
30-Apr-92	15.53
29-Apr-92	15.95
28-Apr-92	16.24
27-Apr-92	16.49
24-Apr-92	15.71
23-Apr-92	15.83
22-Apr-92	15.96
21-Apr-92	16.53
20-Apr-92	15.93
16-Apr-92	14.85
15-Apr-92	15.15
14-Apr-92	15.98
13-Apr-92	16.99
10-Apr-92	16.85
9-Apr-92	17.89
8-Apr-92	20.15
7-Apr-92	18.81
6-Apr-92	16.72
3-Apr-92	16.72
2-Apr-92	17.06
1-Apr-92	16.48
31-Mar-92	16.18
30-Mar-92	15.97
27-Mar-92	16.02
26-Mar-92	16.29
25-Mar-92	16.19
24-Mar-92	16.32
23-Mar-92	16.73
20-Mar-92	16.82
19-Mar-92	16.52
18-Mar-92	16.69
17-Mar-92	16.79
16-Mar-92	18.46
13-Mar-92	18.35
12-Mar-92	19.72
11-Mar-92	19.79
10-Mar-92	18.68
9-Mar-92	19.68
6-Mar-92	19.75
5-Mar-92	18.47
4-Mar-92	17.89
3-Mar-92	17.26
2-Mar-92	16.88
28-Feb-92	16.68
27-Feb-92	16.51
26-Feb-92	16.64
25-Feb-92	16.35
24-Feb-92	17.13
21-Feb-92	16.87
20-Feb-92	16.72
19-Feb-92	17.16
18-Feb-92	18.22
14-Feb-92	17.03
13-Feb-92	17.45
12-Feb-92	17.37
11-Feb-92	17.7
10-Feb-92	18.56
7-Feb-92	18.51
6-Feb-92	18.79
5-Feb-92	18.22
4-Feb-92	17.96
3-Feb-92	18.2
31-Jan-92	17.4
30-Jan-92	17.49
29-Jan-92	17.62
28-Jan-92	17.67
27-Jan-92	16.67
24-Jan-92	16.24
23-Jan-92	16.46
22-Jan-92	16.75
21-Jan-92	17.92
20-Jan-92	16.42
17-Jan-92	16.32
16-Jan-92	17.64
15-Jan-92	17.39
14-Jan-92	17.01
13-Jan-92	18.01
10-Jan-92	18.45
9-Jan-92	18.96
8-Jan-92	18.72
7-Jan-92	19.23
6-Jan-92	18.96
3-Jan-92	18.75
2-Jan-92	18.95
31-Dec-91	19.31
30-Dec-91	17.63
27-Dec-91	15.7
26-Dec-91	15.44
24-Dec-91	15.67
23-Dec-91	16.61
20-Dec-91	17.65
19-Dec-91	17.96
18-Dec-91	17.78
17-Dec-91	18.12
16-Dec-91	17.62
13-Dec-91	17.88
12-Dec-91	19.08
11-Dec-91	20.57
10-Dec-91	19.89
9-Dec-91	19.74
6-Dec-91	19.04
5-Dec-91	20.19
4-Dec-91	19.54
3-Dec-91	19.7
2-Dec-91	20.18
29-Nov-91	20.26
27-Nov-91	19.84
26-Nov-91	19.8
25-Nov-91	21.92
22-Nov-91	21.2
21-Nov-91	19.11
20-Nov-91	20.4
19-Nov-91	20.34
18-Nov-91	18.28
15-Nov-91	21.18
14-Nov-91	13.96
13-Nov-91	13.95
12-Nov-91	14.04
11-Nov-91	14.89
8-Nov-91	15.43
7-Nov-91	15.97
6-Nov-91	16.47
5-Nov-91	16.48
4-Nov-91	16.35
1-Nov-91	15.6
31-Oct-91	15.48
30-Oct-91	15.46
29-Oct-91	15.55
28-Oct-91	15.45
25-Oct-91	15.75
24-Oct-91	15.62
23-Oct-91	16.26
22-Oct-91	16.55
21-Oct-91	16.66
18-Oct-91	15.87
17-Oct-91	16.32
16-Oct-91	14.85
15-Oct-91	16.22
14-Oct-91	16.71
11-Oct-91	17.6
10-Oct-91	17.8
9-Oct-91	18.54
8-Oct-91	17.81
7-Oct-91	18.58
4-Oct-91	15.63
3-Oct-91	17.04
2-Oct-91	15.81
1-Oct-91	14.81
30-Sep-91	15.85
27-Sep-91	16.31
26-Sep-91	15.35
25-Sep-91	15.68
24-Sep-91	16.04
23-Sep-91	16.38
20-Sep-91	17.08
19-Sep-91	17.56
18-Sep-91	17.56
17-Sep-91	17.68
16-Sep-91	17.82
13-Sep-91	17.88
12-Sep-91	16.21
11-Sep-91	17.96
10-Sep-91	18.22
9-Sep-91	17.73
6-Sep-91	16.76
5-Sep-91	17.31
4-Sep-91	17.18
3-Sep-91	16.57
30-Aug-91	14.46
29-Aug-91	14.82
28-Aug-91	15.31
27-Aug-91	15.46
26-Aug-91	14.81
23-Aug-91	14.41
22-Aug-91	14.59
21-Aug-91	15.62
20-Aug-91	18.86
19-Aug-91	21.19
16-Aug-91	16.01
15-Aug-91	15.19
14-Aug-91	15.09
13-Aug-91	14.73
12-Aug-91	15.26
9-Aug-91	15.45
8-Aug-91	15.98
7-Aug-91	15.56
6-Aug-91	15.54
5-Aug-91	15.92
2-Aug-91	15.26
1-Aug-91	15.47
31-Jul-91	15.18
30-Jul-91	15.47
29-Jul-91	15.67
26-Jul-91	15.45
25-Jul-91	15.74
24-Jul-91	16.41
23-Jul-91	16.58
22-Jul-91	16.9
19-Jul-91	15.5
18-Jul-91	15.77
17-Jul-91	17.52
16-Jul-91	17.49
15-Jul-91	17.78
12-Jul-91	18.29
11-Jul-91	17.39
10-Jul-91	19.19
9-Jul-91	19.76
8-Jul-91	20.29
5-Jul-91	18.35
3-Jul-91	19.47
2-Jul-91	17.63
1-Jul-91	18.64
28-Jun-91	19.55
27-Jun-91	17.87
26-Jun-91	17.98
25-Jun-91	17.85
24-Jun-91	18.28
21-Jun-91	16.51
20-Jun-91	16.75
19-Jun-91	17.44
18-Jun-91	16.14
17-Jun-91	15.5
14-Jun-91	15.98
13-Jun-91	16.99
12-Jun-91	17.72
11-Jun-91	17.32
10-Jun-91	17.47
7-Jun-91	16.98
6-Jun-91	16.93
5-Jun-91	16.4
4-Jun-91	16.17
3-Jun-91	16.87
31-May-91	15.93
30-May-91	16.02
29-May-91	15.9
28-May-91	15.67
24-May-91	15.23
23-May-91	16.11
22-May-91	16.16
21-May-91	16.07
20-May-91	17.1
17-May-91	16.64
16-May-91	17.24
15-May-91	18.38
14-May-91	18
13-May-91	17.66
10-May-91	17.54
9-May-91	17.17
8-May-91	17.78
7-May-91	17.46
6-May-91	17.92
3-May-91	17.24
2-May-91	17.52
1-May-91	17.77
30-Apr-91	18.24
29-Apr-91	18.27
26-Apr-91	17.27
25-Apr-91	17.15
24-Apr-91	16.72
23-Apr-91	17.02
22-Apr-91	16.78
19-Apr-91	15.68
18-Apr-91	16.26
17-Apr-91	15.47
16-Apr-91	15.82
15-Apr-91	16.5
12-Apr-91	18.45
11-Apr-91	17.24
10-Apr-91	19.73
9-Apr-91	20.12
8-Apr-91	17.41
5-Apr-91	17.63
4-Apr-91	18.01
3-Apr-91	17.61
2-Apr-91	17.4
1-Apr-91	17.42
28-Mar-91	16.88
27-Mar-91	16.55
26-Mar-91	16.31
25-Mar-91	16.76
22-Mar-91	16.49
21-Mar-91	16.86
20-Mar-91	16.04
19-Mar-91	16.11
18-Mar-91	15.79
15-Mar-91	14.9
14-Mar-91	14.94
13-Mar-91	16.09
12-Mar-91	18.82
11-Mar-91	20.88
8-Mar-91	20.81
7-Mar-91	21.05
6-Mar-91	20.55
5-Mar-91	20.45
4-Mar-91	20.86
1-Mar-91	21.23
28-Feb-91	21.23
27-Feb-91	21.26
26-Feb-91	20.38
25-Feb-91	22.86
22-Feb-91	21.01
21-Feb-91	20.78
20-Feb-91	22.26
19-Feb-91	19.84
15-Feb-91	19.57
14-Feb-91	21.48
13-Feb-91	20.86
12-Feb-91	22.26
11-Feb-91	22.56
8-Feb-91	23.38
7-Feb-91	23.6
6-Feb-91	22.68
5-Feb-91	21.46
4-Feb-91	21.86
1-Feb-91	21.04
31-Jan-91	20.91
30-Jan-91	21.37
29-Jan-91	23.17
28-Jan-91	23.05
25-Jan-91	22.2
24-Jan-91	22.86
23-Jan-91	23.92
22-Jan-91	24.9
21-Jan-91	24.33
18-Jan-91	25.39
17-Jan-91	27.45
16-Jan-91	33.2
15-Jan-91	36.16
14-Jan-91	36.2
11-Jan-91	32.63
10-Jan-91	31.33
9-Jan-91	33.3
8-Jan-91	30.38
7-Jan-91	28.95
4-Jan-91	27.19
3-Jan-91	27.93
2-Jan-91	26.62
31-Dec-90	26.38
28-Dec-90	25.05
27-Dec-90	24.81
26-Dec-90	24.18
24-Dec-90	24.03
21-Dec-90	22.66
20-Dec-90	23.13
19-Dec-90	23.08
18-Dec-90	23.11
17-Dec-90	24.85
14-Dec-90	23.85
13-Dec-90	23.05
12-Dec-90	21.28
11-Dec-90	23.75
10-Dec-90	23.58
7-Dec-90	22.59
6-Dec-90	22.62
5-Dec-90	20.94
4-Dec-90	22.03
3-Dec-90	22.29
30-Nov-90	22.16
29-Nov-90	23.91
28-Nov-90	22.96
27-Nov-90	22.86
26-Nov-90	22.76
23-Nov-90	20.98
21-Nov-90	21.09
20-Nov-90	20.09
19-Nov-90	20.95
16-Nov-90	21.34
15-Nov-90	22.57
14-Nov-90	22.89
13-Nov-90	24.58
12-Nov-90	25.6
9-Nov-90	26.96
8-Nov-90	30.79
7-Nov-90	30.87
6-Nov-90	29.11
5-Nov-90	29.85
2-Nov-90	30.03
1-Nov-90	30.25
31-Oct-90	30.04
30-Oct-90	30.52
29-Oct-90	31.54
26-Oct-90	30.75
25-Oct-90	29.04
24-Oct-90	28.28
23-Oct-90	27.57
22-Oct-90	27.27
19-Oct-90	27.86
18-Oct-90	29.6
17-Oct-90	31.37
16-Oct-90	31.45
15-Oct-90	31.64
12-Oct-90	31.94
11-Oct-90	33.98
10-Oct-90	31.19
9-Oct-90	30.71
8-Oct-90	28.04
5-Oct-90	27.85
4-Oct-90	27.51
3-Oct-90	27.9
2-Oct-90	27.28
1-Oct-90	28.06
28-Sep-90	29.11
27-Sep-90	28.67
26-Sep-90	28.19
25-Sep-90	28.81
24-Sep-90	30.56
21-Sep-90	30.04
20-Sep-90	28.66
19-Sep-90	27.88
18-Sep-90	28.82
17-Sep-90	29.55
14-Sep-90	30.56
13-Sep-90	29.33
12-Sep-90	28.12
11-Sep-90	28.38
10-Sep-90	29.34
7-Sep-90	28.73
6-Sep-90	30.19
5-Sep-90	28.52
4-Sep-90	29.58
31-Aug-90	29.9
30-Aug-90	29.89
29-Aug-90	27.38
28-Aug-90	29.12
27-Aug-90	29.63
24-Aug-90	33.93
23-Aug-90	36.47
22-Aug-90	30.55
21-Aug-90	28.9
20-Aug-90	26.46
17-Aug-90	27.53
16-Aug-90	27.16
15-Aug-90	23.31
14-Aug-90	24.18
13-Aug-90	25.74
10-Aug-90	25.75
9-Aug-90	24.39
8-Aug-90	28.27
7-Aug-90	32.75
6-Aug-90	35.91
3-Aug-90	28.74
2-Aug-90	20.43
1-Aug-90	21.64
31-Jul-90	21.11
30-Jul-90	21.16
27-Jul-90	21.12
26-Jul-90	20.26
25-Jul-90	20.19
24-Jul-90	21.79
23-Jul-90	23.68
20-Jul-90	15.63
19-Jul-90	18.56
18-Jul-90	18.9
17-Jul-90	16.66
16-Jul-90	16.75
13-Jul-90	17.09
12-Jul-90	17.06
11-Jul-90	16.68
10-Jul-90	16.92
9-Jul-90	16.66
6-Jul-90	16.41
5-Jul-90	17.25
3-Jul-90	16.11
2-Jul-90	16.26
29-Jun-90	15.5
28-Jun-90	16.18
27-Jun-90	16
26-Jun-90	16.29
25-Jun-90	17.06
22-Jun-90	19.36
21-Jun-90	14.72
20-Jun-90	15.27
19-Jun-90	15.23
18-Jun-90	17.71
15-Jun-90	15.9
14-Jun-90	17.4
13-Jun-90	17.38
12-Jun-90	16.6
11-Jun-90	16.34
8-Jun-90	17.58
7-Jun-90	16.88
6-Jun-90	17.42
5-Jun-90	18.97
4-Jun-90	18.39
1-Jun-90	17.09
31-May-90	17.37
30-May-90	17.44
29-May-90	18.75
25-May-90	17.32
24-May-90	17.7
23-May-90	17.18
22-May-90	17.84
21-May-90	16.72
18-May-90	17.2
17-May-90	17.27
16-May-90	17.71
15-May-90	19.49
14-May-90	20.14
11-May-90	19.81
10-May-90	18.59
9-May-90	18.64
8-May-90	18.49
7-May-90	17.65
4-May-90	17.28
3-May-90	17.81
2-May-90	19.32
1-May-90	18.43
30-Apr-90	19.52
27-Apr-90	22.19
26-Apr-90	20.25
25-Apr-90	20.86
24-Apr-90	21.7
23-Apr-90	24.16
20-Apr-90	23.33
19-Apr-90	22.46
18-Apr-90	22.67
17-Apr-90	20.38
16-Apr-90	20.75
12-Apr-90	19.8
11-Apr-90	17.73
10-Apr-90	21.69
9-Apr-90	22.3
6-Apr-90	21.76
5-Apr-90	21.21
4-Apr-90	22.03
3-Apr-90	20.44
2-Apr-90	22.84
30-Mar-90	19.73
29-Mar-90	18.46
28-Mar-90	19.77
27-Mar-90	21.01
26-Mar-90	19.59
23-Mar-90	20.46
22-Mar-90	22.74
21-Mar-90	20.1
20-Mar-90	19.06
19-Mar-90	18.29
16-Mar-90	17.62
15-Mar-90	18.81
14-Mar-90	19.65
13-Mar-90	21.05
12-Mar-90	20.07
9-Mar-90	20.3
8-Mar-90	19.74
7-Mar-90	19.1
6-Mar-90	20.55
5-Mar-90	22.03
2-Mar-90	21.34
1-Mar-90	21.9
28-Feb-90	21.99
27-Feb-90	22.69
26-Feb-90	23.56
23-Feb-90	23.69
22-Feb-90	22.54
21-Feb-90	23.89
20-Feb-90	22.78
16-Feb-90	20.78
15-Feb-90	19.71
14-Feb-90	22.05
13-Feb-90	23.76
12-Feb-90	24.38
9-Feb-90	23.69
8-Feb-90	23.77
7-Feb-90	24.29
6-Feb-90	24.69
5-Feb-90	24.54
2-Feb-90	24.32
1-Feb-90	24.87
31-Jan-90	25.36
30-Jan-90	27.25
29-Jan-90	26.44
26-Jan-90	26.28
25-Jan-90	25.63
24-Jan-90	25.39
23-Jan-90	24.72
22-Jan-90	26.7
19-Jan-90	22.5
18-Jan-90	24.34
17-Jan-90	24.16
16-Jan-90	24.18
15-Jan-90	26.34
12-Jan-90	24.64
11-Jan-90	20.05
10-Jan-90	22.44
9-Jan-90	22.2
8-Jan-90	20.26
5-Jan-90	20.11
4-Jan-90	19.22
3-Jan-90	18.19
2-Jan-90	17.24
